ticker,date,trend_score,rs_score,atr_pct,stage,phase,vol_dry_up_ratio,price,ema50,ema150,ema200,pct_of_52w_high,rel_ret_3m,rel_ret_6m,rel_ret_12m,base_high,extension_pct,weeks_since_break,bottoming,is_making_new_lows,atr_contracting,weeks_in_base,base_low,base_low_undercut_since,rel_ret_30d,rs_improving,no_new_low,volume_dry_up,above_ema20,ema20_rising
A,2026-07-21,80,47.1,3.3,base,accumulating,0.957,132.86,128.7752,126.6955,126.5394,0.829,0.0254,-0.1262,-0.0042,157.2,-15.48,,True,False,True,17,110.24,False,-1.1,False,False,False,True,True
AA,2026-07-21,20,29.4,5.41,weakening,falling,1.294,44.35,57.0488,57.402,55.0536,0.5256,-0.4023,-0.3904,0.2415,83.79,-47.07,,False,True,True,1,43.98,False,-40.84,False,False,False,False,False
AAOI,2026-07-21,60,100,11.8,weakening,falling,0.831,119.26,139.8642,115.0989,102.5073,0.5104,-0.2707,1.9334,3.0345,223.1,-46.54,,False,True,True,28,34.04,False,-40.58,False,False,False,False,False
AAON,2026-07-21,60,59.4,6.6,weakening,falling,0.882,105.61,117.9334,107.2879,103.2776,0.7019,0.0403,0.0468,0.2113,148.25,-28.76,,False,True,True,29,79.19,False,-21.25,False,False,False,False,False
AAP,2026-07-21,60,43.5,5.44,weakening,falling,0.95,55.64,56.4727,54.7356,54.2953,0.7949,-0.1154,0.2425,-0.3041,66.5,-16.33,,False,True,True,29,38.89,False,-5.92,False,False,False,False,False
AAPL,2026-07-21,100,74.0,2.53,early_breakout,accumulating,1.182,327.74,302.4558,281.3817,273.9606,0.9784,0.1685,0.2242,0.3524,315.2,3.98,1.8,False,False,False,18,247.99,False,7.46,False,False,False,True,True
AAUC,2026-07-21,20,32.0,4.78,weakening,falling,0.906,21.04,24.8746,25.6832,24.8425,0.6534,-0.403,-0.385,0.3225,32.01,-34.27,,False,True,False,1,20.82,False,-19.23,False,False,False,False,False
ABBV,2026-07-21,100,66.1,2.38,early_breakout,accumulating,1.293,256.1,235.247,223.7216,220.7419,0.9788,0.1858,0.0922,0.1954,244.38,4.8,3.4,False,False,False,13,198.71,False,13.58,True,False,False,True,True
ABM,2026-07-21,80,45.9,2.33,base,accumulating,0.944,46.95,43.7489,42.9492,43.1314,0.9368,0.1034,-0.0711,-0.2019,49.66,-5.46,,True,False,True,18,37.39,False,9.43,True,False,False,True,True
ABNB,2026-07-22,80,39.1,2.79,weakening,falling,0.919,140.05,141.0719,135.5567,134.2634,0.9282,-0.0914,-0.056,-0.1856,144.18,-2.86,4.0,False,False,False,23,121.35,False,5.4,True,False,False,False,False
ABT,2026-07-21,20,30.4,3.44,base,accumulating,1.014,99.67,93.3538,101.9048,105.8461,0.7249,0.0122,-0.2816,-0.389,136.62,-27.05,,False,False,False,11,84.32,False,8.91,True,False,False,True,True
ACA,2026-07-21,100,76.7,0.62,base,accumulating,1.715,144.65,135.531,122.1399,117.9526,0.9845,0.2013,0.1767,0.4448,144.9,-0.17,4.0,True,False,True,18,100.68,False,15.86,False,False,False,True,True
ACAD,2026-07-21,80,48.6,3.25,base,accumulating,1.129,25.43,23.7586,23.2626,23.2577,0.897,0.1037,-0.1371,-0.0487,28.06,-9.37,,False,False,False,19,20.61,False,15.96,True,False,False,True,True
ACHC,2026-07-21,100,100,4.54,extended,accumulating,1.177,35.61,28.262,24.4525,23.6063,0.999,0.235,1.3964,0.4555,28.26,26.01,3.0,False,False,False,27,11.68,False,39.41,False,False,False,True,True
ACIW,2026-07-21,100,67.9,3.32,early_breakout,accumulating,1.278,56.69,49.3982,46.0802,45.8345,0.9422,0.2192,0.233,0.0697,53.62,5.73,2.6,False,False,False,18,39.44,False,31.97,True,False,False,True,True
ACLS,2026-07-21,60,88.0,7.94,weakening,falling,0.962,143.21,149.7714,126.6146,118.56,0.739,0.0125,0.5201,0.7312,191.6,-25.26,,False,False,False,22,80.16,False,-8.69,False,False,False,False,False
ACM,2026-07-21,0,11.1,2.62,weakening,stabilizing,0.858,68.94,71.9307,84.3012,88.77,0.5087,-0.2513,-0.3861,-0.5754,134.35,-48.69,,False,False,True,3,67.74,False,-3.92,False,False,False,False,False
ACMR,2026-07-21,80,100,10.31,base,falling,0.931,95.27,87.7315,67.5996,61.7968,0.749,0.7976,0.7579,1.9438,109.87,-13.29,3.2,False,True,False,17,40.07,False,17.02,False,False,False,True,False
ACN,2026-07-21,0,0,4.86,weakening,stabilizing,1.333,140.86,154.658,190.8682,203.1888,0.4839,-0.3383,-0.5878,-0.6914,288.54,-51.18,,False,False,True,5,127.98,False,-20.47,False,False,False,False,True
ADI,2026-07-21,60,66.1,3.91,weakening,falling,1.028,382.81,393.0302,356.9346,341.1117,0.8585,-0.0427,0.1904,0.4018,445.48,-14.07,,False,True,True,29,273.74,False,-6.44,False,False,False,False,False
ADM,2026-07-21,100,75.0,2.18,early_breakout,accumulating,0.884,86.2,78.9003,72.8139,70.5403,0.9871,0.1716,0.2041,0.4018,84.11,2.48,0.6,True,False,True,29,59.05,False,6.23,False,False,False,True,True
ADP,2026-07-21,40,40.7,3.02,base,accumulating,0.944,246.22,231.2763,233.3957,239.6264,0.7792,0.1509,-0.1392,-0.3718,310.94,-20.81,,False,False,False,15,188.79,False,6.26,True,False,False,True,True
ADPT,2026-07-21,100,100,6.13,watch,accumulating,1.17,22.58,18.7537,16.5038,15.9598,0.9754,0.5262,0.1592,1.0,20.46,10.36,3.4,False,False,False,17,12.41,False,33.98,True,False,False,True,True
ADSK,2026-07-21,0,19.5,3.66,weakening,accumulating,0.971,211.15,216.3423,239.9135,248.4515,0.6416,-0.2026,-0.2726,-0.4747,326.79,-35.39,,False,False,True,5,193.82,False,-7.4,False,False,False,True,True
ALHC,2026-07-21,80,58.5,5.89,base,falling,0.783,21.5,20.2829,19.2926,18.8725,0.8559,-0.0656,-0.1589,0.5299,23.81,-9.7,2.8,False,False,False,8,15.32,False,38.84,True,False,False,True,False
ALK,2026-07-21,40,37.1,4.81,weakening,falling,0.958,45.46,46.4539,45.9499,46.3264,0.69,0.034,-0.1493,-0.326,63.86,-28.81,,False,True,False,17,36.16,False,6.4,True,False,False,False,False
ALKS,2026-07-21,100,100,3.46,watch,accumulating,1.007,52.85,46.5564,38.7652,37.0007,0.9493,0.5139,0.5602,0.7923,46.02,14.84,4.0,False,False,False,19,27.76,False,23.27,False,False,False,True,True
ALLE,2026-07-21,20,29.7,2.66,base,accumulating,1.095,137.3,136.543,144.3487,146.6134,0.7498,-0.1058,-0.2621,-0.2724,179.77,-23.62,,False,False,False,10,125.65,False,6.35,True,False,False,True,True
ALMS,2026-07-22,100,100,6.73,base,accumulating,1.326,28.81,25.6314,21.8257,19.8754,0.919,0.05,-0.0245,7.5139,29.98,-3.9,2.0,False,False,False,29,8.96,False,42.75,False,False,False,True,True
ALNY,2026-07-21,0,22.1,5.35,weakening,falling,1.221,271.37,295.8588,323.4078,331.8519,0.5476,-0.1829,-0.3411,-0.3434,491.22,-44.76,,False,True,False,1,267.47,False,-8.34,False,False,False,False,False
A,2026-07-22,80,47.0,3.17,base,stabilizing,0.961,133.46,128.9589,126.7851,126.6083,0.8327,0.0569,-0.1356,-0.0399,157.2,-15.1,,True,False,True,17,110.24,False,-2.9,False,False,False,True,False
AA,2026-07-22,20,31.6,5.28,weakening,falling,1.271,46.17,56.6222,57.2533,54.9652,0.5472,-0.3772,-0.3676,0.2575,83.79,-44.9,,False,True,True,1,43.98,False,-37.64,False,False,False,False,False
AAOI,2026-07-22,60,100,12.15,weakening,falling,0.815,110.52,138.7134,115.0382,102.5871,0.473,-0.3112,1.7892,3.0058,223.1,-50.46,,False,True,True,28,34.04,False,-33.55,False,False,False,False,False
AAON,2026-07-22,60,59.8,6.15,weakening,falling,0.884,107.17,117.5113,107.2863,103.3164,0.7123,0.0555,0.0301,0.2216,148.25,-27.71,,False,True,True,29,79.19,False,-18.75,False,False,False,False,False
AAP,2026-07-22,60,38.8,5.44,weakening,falling,0.948,55.49,56.4342,54.7456,54.3072,0.7927,-0.12,0.1283,-0.343,66.5,-16.56,,False,True,True,29,38.89,False,-8.98,False,False,False,False,False
AAPL,2026-07-22,100,72.4,2.43,early_breakout,accumulating,1.17,325.89,303.3748,281.9712,274.4773,0.9728,0.1421,0.2255,0.3315,315.2,3.39,2.0,False,False,False,18,247.99,False,10.76,False,False,False,True,True
AAUC,2026-07-22,20,34.9,4.61,weakening,falling,0.835,21.69,24.7497,25.6303,24.8111,0.6736,-0.3699,-0.355,0.3433,32.01,-32.24,,False,True,False,1,20.82,False,-16.31,False,False,False,False,False
ABBV,2026-07-22,100,65.9,2.37,early_breakout,accumulating,1.284,253.3,235.9549,224.1134,221.0659,0.9681,0.2124,0.0814,0.1652,244.38,3.65,3.6,False,False,False,13,198.71,False,10.96,True,False,False,True,True
ABM,2026-07-22,80,46.5,2.39,base,accumulating,0.933,47.01,43.8768,43.003,43.17,0.9379,0.1156,-0.0647,-0.2065,49.66,-5.34,,True,False,True,18,37.39,False,4.9,True,False,False,True,True
ABT,2026-07-22,20,32.5,3.13,base,accumulating,1.01,100.57,93.6368,101.8871,105.7936,0.7315,0.0458,-0.2575,-0.3886,136.62,-26.39,,False,False,False,11,84.32,False,8.81,True,False,False,True,True
ACA,2026-07-22,100,74.9,0.6,early_breakout,accumulating,1.564,145.13,135.9075,122.4444,118.2231,0.9878,0.1808,0.1467,0.4436,144.92,0.14,3.8,True,False,True,18,100.68,False,12.56,False,False,False,True,True
ACAD,2026-07-22,80,45.6,3.24,base,falling,1.116,24.96,23.8057,23.2851,23.2746,0.8804,0.0714,-0.1577,-0.0826,28.06,-11.05,,False,False,False,19,20.61,False,12.88,True,False,False,False,True
ACHC,2026-07-22,100,100,4.48,extended,accumulating,1.161,34.78,28.5176,24.5893,23.7175,0.9707,0.1908,1.3366,0.3895,28.26,23.07,3.2,False,False,False,27,11.68,False,34.99,False,False,False,True,True
ACIW,2026-07-22,100,63.4,3.7,early_breakout,accumulating,1.242,54.71,49.6065,46.1945,45.9228,0.9093,0.1855,0.1848,0.0134,53.62,2.03,2.8,False,False,False,18,39.44,False,26.9,True,False,False,True,True
ACLS,2026-07-22,60,82.3,7.49,weakening,falling,0.954,141.95,149.4647,126.8177,118.7927,0.7325,-0.0365,0.429,0.6979,191.6,-25.91,,False,False,False,22,80.16,False,-15.15,False,False,False,False,False
ACM,2026-07-22,0,11.3,2.75,weakening,stabilizing,0.834,67.47,71.7558,84.0783,88.558,0.4979,-0.232,-0.3931,-0.5885,134.35,-49.78,,False,False,True,0,67.47,False,-6.76,False,False,False,False,False
ACMR,2026-07-22,80,100,10.39,base,falling,0.9,89.51,87.8013,67.8898,62.0725,0.7038,0.5906,0.5842,1.8355,109.87,-18.53,3.4,False,True,False,17,40.07,False,8.65,False,False,False,False,False
ACN,2026-07-22,0,0,4.68,weakening,stabilizing,1.219,140.09,154.0867,190.1957,202.561,0.4813,-0.314,-0.5914,-0.7003,288.54,-51.45,,False,False,True,5,127.98,False,-20.65,False,False,False,False,True
ADBE,2026-07-22,0,13.6,4.65,weakening,stabilizing,0.946,218.36,228.2308,258.5007,271.8476,0.5805,-0.1977,-0.3483,-0.6029,372.87,-41.44,,False,False,True,5,195.16,False,-9.61,False,False,False,False,True
ADEA,2026-07-22,60,75.9,5.57,weakening,falling,0.783,27.28,28.8272,25.2647,23.7381,0.7944,-0.1562,0.2818,0.7912,33.63,-18.88,,False,True,True,29,17.58,False,-12.05,False,False,False,False,False
ADI,2026-07-22,60,67.5,3.76,weakening,falling,0.986,386.73,392.7832,357.3292,341.5656,0.8673,-0.037,0.1776,0.4536,445.48,-13.19,,False,True,True,29,273.74,False,-5.83,False,False,False,False,False
ADM,2026-07-22,100,75.9,2.09,early_breakout,accumulating,0.882,87.32,79.2304,73.0061,70.7073,0.996,0.2068,0.1993,0.3874,84.11,3.82,0.8,True,False,True,29,59.05,False,7.58,False,False,False,True,True
ADP,2026-07-22,40,40.3,3.07,base,accumulating,0.942,243.12,231.7408,233.5245,239.6612,0.7694,0.1545,-0.1444,-0.3861,310.94,-21.81,,False,False,False,15,188.79,False,3.76,True,False,False,True,True
ADPT,2026-07-22,100,100,6.14,early_breakout,accumulating,1.161,21.95,18.879,16.5759,16.0194,0.9482,0.4949,0.1588,0.896,20.46,7.28,3.6,False,False,False,17,12.41,False,25.03,True,False,False,True,True
ADSK,2026-07-22,0,16.6,3.96,weakening,stabilizing,0.939,203.5,215.8387,239.4312,248.0042,0.6184,-0.2289,-0.3,-0.5089,326.79,-37.73,,False,False,True,5,193.82,False,-10.59,False,False,False,False,True
AEHR,2026-07-22,80,100,13.72,base,accumulating,1.19,93.54,86.6549,67.5615,60.0879,0.7387,-0.0901,2.113,3.4652,116.58,-19.76,,True,False,True,29,22.16,False,-2.22,False,False,False,True,True
AEIS,2026-07-22,60,76.3,6.2,weakening,falling,1.003,317.31,324.3071,302.8715,286.294,0.7984,-0.2097,0.0891,1.067,389.05,-18.44,,False,True,False,28,219.59,False,0.41,False,False,False,True,False
AEM,2026-07-22,20,24.2,3.73,weakening,falling,1.014,147.05,161.9298,175.6523,174.1152,0.5761,-0.3303,-0.3744,-0.0452,252.19,-41.69,,False,True,True,1,136.97,False,-9.46,False,False,False,False,False
AER,2026-07-22,100,55.0,2.55,base,accumulating,0.831,150.61,145.2156,140.8903,138.6712,0.9655,0.0383,-0.0392,0.1554,154.83,-2.73,,False,False,False,18,131.6,False,6.93,True,False,False,True,True
AGCO,2026-07-22,60,42.4,3.12,base,stabilizing,0.974,117.28,115.3134,115.2965,114.406,0.8157,-0.059,-0.0568,-0.118,140.49,-16.52,,True,False,True,29,105.84,False,2.25,False,False,False,True,False
AGI,2026-07-22,20,24.2,4.18,weakening,falling,1.057,30.54,34.0546,37.4657,37.1394,0.5512,-0.3746,-0.33,-0.0308,55.33,-44.8,,False,True,True,1,28.26,False,-14.15,False,False,False,True,False
AGIO,2026-07-22,60,60.6,5.41,base,falling,1.114,36.05,34.9153,32.4293,32.4469,0.7837,0.2983,0.2364,-0.2795,45.49,-20.75,,False,False,False,13,25.32,False,26.7,True,False,False,False,True
AKAM,2026-07-22,60,77.0,4.49,weakening,accumulating,0.771,124.3,124.6855,113.6244,108.8259,0.7513,0.2291,0.2358,0.3575,161.14,-22.86,,True,False,True,29,85.1,False,-11.21,False,False,False,True,True
ALAB,2026-07-22,60,100,10.55,weakening,falling,0.82,330.895,335.2014,251.1097,229.8332,0.6625,0.6542,0.7896,1.6418,439.66,-24.74,3.4,False,True,False,17,112.47,False,-4.57,False,False,False,False,False
ALB,2026-07-22,20,25.7,4.85,weakening,falling,1.041,117.45,147.3997,151.9472,145.5563,0.5314,-0.4462,-0.4382,0.2225,215.62,-45.53,,False,True,True,0,117.45,False,-24.54,False,False,False,False,False
ALC,2026-07-22,0,22.4,2.47,weakening,falling,0.95,67.35,68.4575,72.7527,74.2452,0.7277,-0.1697,-0.2653,-0.4289,92.22,-26.97,,False,False,False,11,62.56,False,-2.22,False,False,False,False,True
ALGM,2026-07-22,60,72.1,8.5,weakening,falling,1.191,49.87,50.643,43.2105,41.1043,0.6949,0.1289,0.3767,0.1876,61.58,-19.02,3.4,False,True,False,29,26.91,False,5.54,False,False,False,False,False
ALGN,2026-07-22,60,31.9,3.86,weakening,falling,0.963,172.46,175.422,171.6575,170.6243,0.8279,-0.1712,-0.0757,-0.2998,207.19,-16.76,,False,False,False,29,156.03,False,-4.57,False,False,False,False,False
ALGT,2026-07-22,60,77.1,5.1,weakening,falling,1.002,98.28,98.7368,88.772,85.1728,0.795,0.1677,-0.0058,0.6842,114.79,-14.38,3.6,False,False,False,10,74.9,False,11.96,False,False,False,False,False
ALHC,2026-07-22,80,56.4,5.89,base,falling,0.79,20.77,20.302,19.3121,18.8914,0.8268,-0.0623,-0.1991,0.4946,23.81,-12.77,3.0,False,False,False,8,15.32,False,6.77,False,False,False,False,False
ALK,2026-07-22,40,35.4,5.48,weakening,falling,0.997,44.36,46.3718,45.9289,46.3068,0.6733,0.0369,-0.1844,-0.3525,63.86,-30.54,,False,True,False,17,36.16,False,-3.11,False,False,False,False,False
ALKS,2026-07-22,100,100,3.25,early_breakout,accumulating,0.987,52.58,46.7926,38.9482,37.1557,0.9445,0.5075,0.4629,0.7567,48.07,9.38,4.0,False,False,False,19,27.76,False,17.31,False,False,False,True,True
ALLE,2026-07-22,20,31.0,2.56,base,accumulating,1.124,139.95,136.6766,144.2905,146.5471,0.7643,-0.0853,-0.2468,-0.2721,179.77,-22.15,,False,False,False,10,125.65,False,5.39,True,False,False,True,True
ALNY,2026-07-22,0,20.5,5.18,weakening,falling,1.217,266.99,294.7267,322.6606,331.2065,0.5388,-0.1912,-0.3599,-0.3677,491.22,-45.65,,False,True,False,0,266.99,False,-11.72,False,False,False,False,False
ALRM,2026-07-22,60,41.3,3.12,base,accumulating,0.991,50.54,48.0982,47.9023,48.586,0.849,0.0414,-0.0647,-0.2794,59.16,-14.57,,False,False,False,17,42.49,False,9.97,True,False,False,True,True
ALSN,2026-07-22,80,49.1,3.09,base,falling,1.344,119.06,117.0289,113.4218,110.8106,0.8651,-0.156,-0.0175,0.1945,136.0,-12.46,,False,False,False,29,98.94,False,-0.43,False,False,False,True,False
ALV,2026-07-22,80,40.0,2.77,weakening,stabilizing,1.064,119.01,119.9468,118.7005,118.2995,0.9004,-0.0265,-0.1532,-0.1435,131.69,-9.63,,True,False,True,18,100.34,False,-7.06,False,False,False,False,False
AMAT,2026-07-22,80,100,7.54,base,falling,1.173,553.92,535.9296,427.9542,393.5724,0.7489,0.322,0.6126,1.7714,640.18,-13.47,3.8,False,True,False,29,268.87,False,9.55,False,False,False,False,False
AMBA,2026-07-22,60,45.2,8.89,weakening,falling,1.24,69.01,70.84,69.1293,68.5609,0.7137,0.0752,-0.0841,-0.1755,95.51,-27.75,,False,True,False,17,50.47,False,3.55,True,False,False,False,False
AMCR,2026-07-22,40,39.8,2.84,base,accumulating,0.854,43.21,41.7307,41.745,42.0356,0.8483,0.0221,-0.0714,-0.2967,50.58,-14.57,,False,False,False,10,36.69,False,9.87,True,False,False,True,True
AMD,2026-07-22,100,100,6.89,early_breakout,falling,0.827,552.33,486.9355,368.5892,334.8469,0.9446,0.7692,1.1206,2.3814,551.63,0.13,3.2,False,True,False,20,192.43,False,14.75,False,False,False,True,True
AME,2026-07-22,100,52.7,2.22,base,accumulating,0.811,237.09,232.5225,223.2988,218.6865,0.9689,-0.0221,-0.0148,0.1345,241.55,-1.85,3.2,False,False,False,29,209.14,False,1.77,False,False,False,True,True
AMGN,2026-07-22,100,49.8,2.33,base,accumulating,0.831,366.05,354.0751,343.6919,337.956,0.9355,0.0073,-0.0251,0.0089,388.16,-5.7,,False,False,False,28,326.1,False,4.83,False,False,False,True,True
AMKR,2026-07-22,60,100,8.06,weakening,falling,0.846,66.97,71.0465,60.3424,55.7123,0.6927,-0.124,0.1622,1.9249,93.55,-28.41,,False,True,False,20,41.61,False,-6.96,False,False,False,False,False
AMRZ,2026-07-22,20,31.9,3.26,weakening,falling,0.891,49.56,52.3353,53.6261,53.5991,0.7516,-0.175,-0.1664,-0.2028,65.86,-24.75,,False,True,False,10,49.01,False,-7.35,False,False,False,False,False
AMTM,2026-07-22,0,14.8,3.74,weakening,stabilizing,0.962,21.42,22.261,24.7917,25.0703,0.5621,-0.2801,-0.4726,-0.3286,37.53,-42.93,,False,False,True,4,20.25,False,-6.25,False,False,False,True,False
AMX,2026-07-22,100,64.1,2.18,base,stabilizing,0.991,26.12,26.0524,24.6842,23.9688,0.9178,-0.0357,0.1689,0.348,27.75,-5.87,,True,False,True,28,20.3,False,1.96,False,False,False,False,True
AMZN,2026-07-22,60,42.0,2.72,weakening,falling,1.138,244.85,246.3405,239.3267,236.3532,0.879,-0.0921,-0.0319,-0.1121,274.99,-10.96,,False,False,False,23,198.79,False,-1.14,False,False,False,False,True
ANET,2026-07-22,100,68.0,5.55,base,accumulating,0.845,174.87,165.1657,151.1638,146.1584,0.9213,-0.067,0.2833,0.4044,177.73,-1.61,2.2,False,False,False,17,120.77,False,13.52,True,False,False,True,True
ANF,2026-07-22,60,40.3,4.23,base,accumulating,0.839,96.04,88.5174,88.8136,88.7153,0.7215,-0.0126,-0.1205,-0.1852,129.85,-26.04,,True,False,True,10,70.57,False,13.38,False,False,False,True,True
AOS,2026-07-22,0,25.9,2.65,weakening,falling,0.955,59.35,60.2715,63.6529,64.5074,0.725,-0.1351,-0.2689,-0.3538,80.47,-26.25,,False,False,False,10,56.01,False,-1.2,False,False,False,False,False
APD,2026-07-22,100,43.4,2.51,base,accumulating,1.088,297.0,291.8338,284.9582,282.6961,0.9432,-0.0501,0.0383,-0.1923,306.2,-3.0,3.0,False,False,False,29,250.47,False,3.55,False,False,False,True,True
APG,2026-07-22,40,33.3,2.93,weakening,falling,0.97,38.95,41.8271,41.5756,40.9469,0.7792,-0.248,-0.1718,-0.0556,49.4,-21.15,,False,True,False,0,38.95,False,-12.23,False,False,False,False,False
APGE,2026-07-22,100,100,0.62,early_breakout,accumulating,0.95,134.08,112.6588,89.8127,83.4156,0.9976,0.4277,0.5464,2.1973,132.88,0.9,2.8,True,False,True,24,62.24,False,56.34,False,False,False,True,True
APH,2026-07-22,80,59.1,3.96,base,falling,0.742,157.51,153.0608,143.0655,139.0883,0.8823,0.0124,-0.0716,0.359,166.25,-5.26,3.4,False,True,False,17,123.62,False,0.83,False,False,False,True,False
APLD,2026-07-22,40,84.8,8.95,weakening,falling,0.928,30.08,35.6813,33.3502,31.4544,0.593,-0.1234,-0.2325,1.5585,49.65,-39.42,,False,True,True,17,23.76,False,-29.63,False,False,False,False,False
APP,2026-07-22,20,32.3,6.46,weakening,falling,1.04,412.48,484.0918,492.1373,489.6955,0.5532,-0.1982,-0.3159,-0.01,733.6,-43.77,,False,True,True,17,381.2,False,-22.21,False,False,False,False,False
APTV,2026-07-22,0,31.6,3.18,weakening,falling,0.712,58.22,60.9316,62.8146,63.1669,0.7418,-0.0943,-0.2567,-0.232,77.14,-24.52,,False,True,True,10,54.34,False,-16.39,False,False,False,False,False
ARM,2026-07-22,60,100,8.46,weakening,falling,0.608,283.4,299.1189,232.5698,215.3674,0.626,0.3908,1.3972,0.6223,439.46,-35.51,,False,True,True,25,105.36,False,-14.17,False,False,True,False,False
ARMK,2026-07-22,100,71.5,2.02,early_breakout,accumulating,0.926,56.63,53.7027,47.6304,46.1345,0.9651,0.2006,0.345,0.1035,54.53,3.85,3.8,True,False,True,29,36.58,False,3.91,False,False,False,True,True
ARQT,2026-07-22,80,75.5,4.27,base,accumulating,0.864,27.9,25.5684,24.2229,23.5855,0.8782,0.1238,-0.0455,0.729,31.2,-10.58,,False,False,False,9,20.86,False,21.02,True,False,False,True,True
ARW,2026-07-22,100,93.6,3.46,base,accumulating,0.889,218.79,206.515,178.0565,168.8686,0.9219,0.1543,0.7601,0.4886,234.83,-6.83,,True,False,True,29,113.04,False,-1.68,False,False,False,True,True
ARWR,2026-07-22,100,100,7.0,early_breakout,falling,1.49,88.7,76.5191,67.2816,62.5169,0.9289,0.149,0.2217,4.7406,82.0,8.17,2.8,False,False,False,19,55.05,False,19.55,False,False,False,True,False
AS,2026-07-22,0,33.9,4.03,weakening,stabilizing,0.934,34.38,34.9294,35.3435,35.5206,0.804,-0.1022,-0.132,-0.2685,41.96,-18.06,,True,False,True,18,30.74,False,-2.47,False,False,False,False,True
ASH,2026-07-22,100,59.8,2.73,early_breakout,accumulating,0.888,68.41,63.2999,59.2659,58.199,0.9821,0.1544,-0.003,0.1233,67.92,0.72,1.2,True,False,True,18,48.81,False,8.05,False,False,False,True,True
ASML,2026-07-22,100,100,4.42,base,falling,1.088,1801.86,1723.0883,1497.4392,1412.5465,0.9009,0.1972,0.2343,1.3656,1929.68,-6.62,3.2,False,True,False,29,1163.78,False,-0.05,False,False,False,True,False
ASND,2026-07-22,80,63.7,3.37,early_breakout,falling,1.169,251.93,247.4733,231.7702,226.0628,0.8929,0.0395,0.0723,0.3334,249.84,0.84,3.8,False,False,False,28,202.99,False,16.74,True,False,False,False,False
ASO,2026-07-22,20,24.4,3.24,weakening,accumulating,1.016,48.86,49.7152,51.8337,51.7138,0.7824,-0.212,-0.2534,-0.3177,61.19,-20.15,,False,False,True,2,46.31,False,-4.4,False,False,False,True,True
A,2026-07-23,80,55.4,3.43,base,accumulating,0.959,139.74,129.3817,126.9567,126.7389,0.8719,0.1793,-0.0634,0.0057,157.2,-11.11,,True,False,True,17,110.24,False,4.41,True,False,False,True,True
AA,2026-07-23,20,32.8,5.19,weakening,falling,1.242,45.27,56.177,57.0946,54.8687,0.5365,-0.3494,-0.3544,0.2463,83.79,-45.97,,False,True,True,1,43.98,False,-32.7,False,False,False,False,False
ASTH,2026-07-22,80,93.0,5.68,early_breakout,falling,1.293,41.94,41.4418,34.3068,32.6455,0.8128,0.2025,0.5006,0.6627,41.2,1.8,4.0,False,False,False,23,18.78,False,7.77,False,False,False,False,False
ASTS,2026-07-22,20,21.0,10.15,weakening,falling,0.837,61.95,78.6933,81.1853,79.2968,0.4628,-0.3102,-0.4729,-0.0788,133.09,-53.45,,False,True,True,1,57.8,False,-31.92,False,False,False,False,False
ASX,2026-07-23,80,100,6.27,base,falling,1.032,39.46,37.8572,29.8136,27.1232,0.867,0.2818,0.9989,2.5657,43.62,-9.54,3.4,False,True,False,29,16.86,False,13.29,False,False,False,False,False
ATAT,2026-07-22,0,23.4,3.43,weakening,falling,0.853,31.46,33.4316,35.5105,35.7554,0.7287,-0.2634,-0.2385,-0.2963,42.9,-26.67,,False,True,True,0,31.46,False,-7.2,False,False,False,False,False
ATEN,2026-07-22,100,100,3.77,early_breakout,falling,1.038,35.54,33.1445,27.189,25.6015,0.9234,0.2434,1.0033,0.7235,33.85,4.99,4.0,False,False,False,28,17.23,False,13.07,False,False,False,False,True
ATHM,2026-07-23,40,37.8,3.75,base,accumulating,1.047,21.27,19.3518,20.145,20.8499,0.7109,0.1159,-0.147,-0.4155,29.92,-28.91,,False,False,False,7,16.53,False,20.06,True,False,False,True,True
ATI,2026-07-22,100,100,4.08,base,falling,0.913,195.59,182.7005,156.9588,147.4283,0.9527,0.2339,0.4975,0.9515,204.09,-4.16,,False,True,False,29,119.2,False,2.76,False,False,False,True,True
ATMU,2026-07-22,40,45.0,3.21,base,accumulating,0.803,52.53,51.7638,52.7998,51.9553,0.7899,-0.1638,-0.1556,0.2069,65.57,-19.89,,False,False,False,7,45.91,False,6.82,False,False,False,True,True
ATRO,2026-07-22,60,71.3,5.01,weakening,falling,1.087,70.89,76.1375,71.1565,67.5894,0.7097,-0.0665,-0.139,0.939,96.0,-26.16,,False,True,True,29,56.61,False,-17.95,False,False,False,False,False
AU,2026-07-22,20,45.0,4.15,weakening,falling,1.084,81.17,85.9166,88.6745,86.2987,0.6285,-0.221,-0.2706,0.3991,128.26,-36.71,,False,True,True,1,76.76,False,-5.62,False,False,False,True,False
AVAV,2026-07-22,0,1.2,6.5,weakening,stabilizing,1.504,150.35,165.8903,202.6945,212.0237,0.3598,-0.3264,-0.601,-0.5911,409.83,-63.31,,False,False,True,4,137.95,False,-16.58,False,False,False,False,False
AVGO,2026-07-22,80,57.8,4.06,base,stabilizing,0.891,396.81,389.5109,372.2676,363.0578,0.8016,-0.1031,0.1354,0.2604,481.57,-17.6,,True,False,True,17,300.68,False,-0.57,False,False,False,True,False
AVNT,2026-07-22,80,45.2,3.43,base,accumulating,1.154,37.36,36.4443,35.8624,35.5849,0.833,-0.039,-0.0578,-0.0487,43.28,-13.68,,False,False,False,29,31.71,False,3.63,False,False,False,True,True
AVT,2026-07-22,100,91.2,3.4,base,accumulating,0.825,90.13,84.7823,74.0305,70.5151,0.9461,0.1498,0.699,0.4739,92.93,-3.01,,True,False,True,29,49.34,False,1.92,False,False,False,True,True
AVY,2026-07-22,0,30.5,2.64,weakening,falling,0.972,157.68,161.269,167.6422,169.365,0.7902,-0.0981,-0.2231,-0.296,197.45,-20.14,,False,True,False,7,155.18,False,-2.81,False,False,False,False,False
AXGN,2026-07-22,60,100,4.96,weakening,falling,1.232,39.37,41.241,36.1042,33.5711,0.8386,0.0221,0.1213,1.9756,44.95,-12.41,3.2,False,False,False,20,28.55,False,-9.92,False,False,False,False,False
AXON,2026-07-22,20,34.6,6.17,weakening,falling,0.93,491.49,493.8215,506.4951,530.3387,0.5548,0.1772,-0.266,-0.482,870.97,-43.57,,False,False,False,15,345.94,False,6.86,True,False,False,False,False
AXSM,2026-07-23,100,100,4.06,base,falling,1.252,241.53,231.7936,200.6992,189.1682,0.9283,0.2799,0.2203,1.1069,255.17,-5.35,,False,True,False,19,156.08,False,-3.71,False,False,False,True,False
AXTA,2026-07-23,60,43.9,3.01,weakening,falling,0.651,31.68,32.1008,31.0291,30.8433,0.8869,0.0378,-0.1432,-0.1093,35.57,-10.94,,False,True,True,18,25.44,False,-3.07,False,False,True,False,False
AXTI,2026-07-23,40,100,14.14,weakening,falling,0.884,52.93,72.088,60.5375,53.1262,0.3697,-0.3388,1.8823,19.84,140.83,-62.42,,False,True,True,29,16.76,False,-39.7,False,False,False,False,False
AZN,2026-07-23,20,38.4,2.8,weakening,falling,1.219,168.27,180.0591,182.274,179.9941,0.7911,-0.1669,-0.1538,-0.0114,209.48,-19.67,,False,True,False,0,168.27,False,-7.73,False,False,False,False,False
B,2026-07-23,20,52.5,3.53,weakening,falling,0.719,37.16,38.5376,39.5255,38.574,0.6795,-0.1176,-0.3167,0.5556,52.98,-29.86,,False,True,True,1,34.93,False,-1.84,False,False,False,True,False
BA,2026-07-23,20,28.8,2.89,weakening,falling,0.888,209.23,219.0904,219.7746,218.9701,0.8226,-0.1484,-0.2392,-0.2693,252.15,-17.02,,False,True,True,17,190.52,False,-1.65,False,False,False,False,False
BABA,2026-07-23,0,23.1,3.46,weakening,accumulating,1.117,114.06,115.959,129.0751,131.4046,0.592,-0.1759,-0.4277,-0.2334,189.34,-39.76,,False,False,True,4,94.81,False,-2.9,False,False,False,True,True
BAH,2026-07-23,0,12.3,3.76,weakening,stabilizing,1.157,65.87,69.1827,77.6873,80.6151,0.5487,-0.2083,-0.3835,-0.5958,115.95,-43.19,,False,False,True,4,62.22,False,-16.53,False,False,False,True,False
BALL,2026-07-23,100,45.2,2.32,base,accumulating,0.733,62.23,60.0528,58.6162,58.0788,0.9113,-0.0561,0.0341,-0.1202,67.76,-8.16,,False,False,False,7,52.92,False,11.97,False,False,False,True,True
BAND,2026-07-23,60,100,9.88,weakening,stabilizing,0.849,58.74,59.066,40.5011,35.7543,0.7428,1.5175,3.1882,2.5281,73.19,-19.74,2.2,True,False,True,23,12.96,False,-2.72,False,False,False,False,False
BATRK,2026-07-23,80,52.6,2.45,weakening,falling,1.209,50.0,50.4385,47.1929,46.4321,0.939,-0.0083,0.1915,-0.0944,51.66,-3.21,3.8,False,True,False,24,39.13,False,-3.08,False,False,False,False,False
BAX,2026-07-23,60,43.5,3.44,base,falling,0.834,21.67,20.7778,20.2284,20.7215,0.7383,0.1351,0.0083,-0.4052,29.22,-25.84,,False,False,False,17,15.97,False,4.94,False,False,False,False,True
BBIO,2026-07-23,80,72.5,3.6,early_breakout,accumulating,1.321,82.93,75.0182,70.6148,68.5678,0.8878,0.1151,-0.0336,0.6315,79.91,3.78,2.2,False,False,False,20,65.36,False,21.27,False,False,False,True,True
BBUC,2026-07-23,0,33.0,3.63,weakening,falling,1.569,31.0,31.7133,32.8314,32.9641,0.8105,-0.1174,-0.2177,-0.1925,37.64,-17.64,,False,False,False,18,29.73,False,-5.0,False,False,False,True,False
BBWI,2026-07-23,0,22.3,4.9,weakening,falling,0.911,19.34,20.134,20.7847,21.4578,0.5744,-0.0986,-0.2149,-0.5781,33.01,-41.41,,False,False,False,17,16.8,False,4.98,True,False,False,False,False
BBY,2026-07-23,100,70.9,3.02,early_breakout,accumulating,0.869,84.43,76.0611,70.9707,70.554,0.9666,0.3309,0.1876,0.0693,84.0,0.51,1.4,True,False,True,10,56.28,False,9.86,True,False,False,True,True
BC,2026-07-23,60,45.1,3.63,weakening,stabilizing,1.03,79.56,80.2984,77.6882,75.9631,0.8816,-0.0472,-0.1669,0.0659,89.22,-10.83,,True,False,True,19,68.91,False,-0.64,False,False,False,False,True
BCE,2026-07-23,0,28.1,2.13,weakening,falling,1.081,21.21,22.7717,23.6551,23.6884,0.7998,-0.1619,-0.2131,-0.3017,26.45,-19.81,,False,False,False,0,21.21,False,-15.92,False,False,False,False,False
BCO,2026-07-23,60,52.4,2.97,base,accumulating,1.191,121.09,107.1072,108.5024,108.2675,0.888,0.0502,-0.1079,0.1196,135.58,-10.69,,False,False,True,4,94.09,False,18.16,True,False,False,True,True
BDC,2026-07-23,0,22.3,4.19,weakening,falling,1.004,103.03,110.8037,116.1866,116.886,0.644,-0.2634,-0.1999,-0.3706,150.91,-31.73,,False,True,False,1,101.39,False,-4.4,False,False,False,False,False
BDX,2026-07-23,60,40.4,2.56,base,falling,0.845,152.97,151.7923,153.1396,152.7076,0.8165,-0.0541,-0.1376,-0.1101,185.39,-17.49,,False,False,False,10,143.47,False,1.75,True,False,False,False,True
BE,2026-07-23,60,100,11.99,weakening,falling,1.258,217.3,252.9363,207.6999,187.0306,0.6186,-0.1273,0.4207,6.9171,345.85,-37.17,,False,True,False,29,98.69,False,-8.99,False,False,False,False,False
BEAM,2026-07-23,60,33.4,7.37,weakening,falling,1.16,25.91,30.8106,28.8064,27.7917,0.6772,-0.1829,-0.3151,0.0053,35.53,-27.08,2.6,False,True,False,17,22.19,False,-13.9,False,False,False,False,False
BF.B,2026-07-23,0,30.0,3.22,weakening,falling,0.795,25.7,26.3021,26.7921,26.9189,0.8051,-0.137,-0.1513,-0.3322,31.26,-17.79,,False,False,False,18,22.8,False,-4.89,False,False,False,False,True
BFAM,2026-07-23,20,21.0,4.18,base,accumulating,0.725,74.32,71.9028,79.7106,83.9825,0.5684,-0.1323,-0.2804,-0.5084,125.1,-40.59,,False,False,True,7,62.17,False,13.84,True,False,False,True,True
A,2026-07-28,80,56.7,3.1,base,accumulating,0.934,140.54,130.4724,127.4293,127.1015,0.8769,0.1825,-0.0315,0.0125,157.2,-10.6,,True,False,True,18,110.24,False,9.47,True,False,False,True,True
AA,2026-07-28,20,35.3,4.31,weakening,stabilizing,1.173,44.36,54.8257,56.59,54.5542,0.5257,-0.3388,-0.3217,0.2827,83.79,-47.06,,False,False,True,2,43.98,False,-29.01,False,False,False,False,False
AAOI,2026-07-28,60,100,15.02,weakening,falling,0.72,88.14,132.8649,114.2265,102.4637,0.3772,-0.3988,1.2921,2.3317,223.1,-60.49,,False,True,True,29,34.04,False,-52.14,False,False,False,False,False
AAON,2026-07-28,60,48.5,6.81,weakening,falling,0.871,93.74,115.0785,106.9705,103.2343,0.623,0.0233,-0.0448,-0.0348,148.25,-36.77,,False,True,True,19,80.01,False,-26.73,False,False,False,False,False
AAP,2026-07-28,100,49.3,4.97,base,accumulating,0.868,58.7,56.4441,54.8337,54.3906,0.9002,-0.0039,0.1245,-0.1423,64.17,-8.52,,True,False,True,28,43.2,False,-1.98,False,False,False,True,True
AAPL,2026-07-28,100,78.9,2.37,early_breakout,accumulating,0.905,340.08,307.7869,284.6223,276.7717,0.9918,0.2153,0.2515,0.4256,315.2,7.89,2.8,False,False,False,19,247.99,False,16.58,True,False,False,True,True
ABBV,2026-07-28,100,71.9,2.34,early_breakout,accumulating,0.893,263.2,239.3894,225.9318,222.5579,0.9861,0.2904,0.1101,0.233,254.31,3.5,3.6,False,False,False,14,198.71,False,20.63,True,False,False,True,True
ABM,2026-07-28,80,54.1,2.35,base,accumulating,0.745,49.22,44.5186,43.2727,43.367,0.982,0.1761,0.0191,-0.1184,49.66,-0.89,,True,False,True,19,37.39,False,13.71,True,False,False,True,True
ABNB,2026-07-28,100,52.6,3.02,early_breakout,falling,0.874,153.11,141.6413,136.034,134.6736,0.9995,0.0602,0.0928,-0.0861,147.17,4.04,3.8,False,True,True,24,121.35,False,12.03,False,False,False,True,True
ABT,2026-07-28,20,42.4,3.02,base,accumulating,0.978,107.27,95.1689,101.9931,105.7201,0.7802,0.1019,-0.0745,-0.3142,136.62,-21.48,,False,False,False,12,84.32,False,22.83,True,False,False,True,True
ACA,2026-07-28,100,78.0,0.46,early_breakout,accumulating,1.162,145.28,137.2785,123.6251,119.2799,0.9888,0.1912,0.2045,0.4751,144.96,0.22,4.0,True,False,True,19,100.68,False,14.96,False,False,False,True,True
ACAD,2026-07-28,100,51.7,2.99,base,accumulating,0.883,26.01,24.0249,23.3884,23.353,0.9175,0.1063,-0.0725,-0.0133,28.06,-7.31,,False,False,False,20,20.61,False,24.16,True,False,False,True,True
ACHC,2026-07-28,100,100,4.86,watch,accumulating,1.016,32.69,29.2393,25.0478,24.0979,0.9124,0.1443,1.3598,0.2776,28.26,15.68,4.0,False,False,False,28,11.68,False,32.66,False,False,False,True,True
ACIW,2026-07-28,100,76.8,3.42,watch,accumulating,1.092,59.97,50.7386,46.7662,46.3648,0.9907,0.3238,0.2764,0.1839,53.62,11.84,3.6,False,False,False,19,39.44,False,35.74,True,False,False,True,True
ACLS,2026-07-28,60,64.7,9.32,weakening,falling,0.825,120.03,146.6729,127.0256,119.2655,0.6194,-0.1454,0.2532,0.4292,191.6,-37.35,,False,True,False,23,80.16,False,-35.5,False,False,False,False,False
ACM,2026-07-28,20,20.9,3.03,base,accumulating,0.756,74.44,71.645,83.3958,87.8668,0.5493,-0.1227,-0.2965,-0.5093,134.35,-44.59,,False,False,True,4,67.74,False,8.82,True,False,False,True,True
ACMR,2026-07-28,60,100,11.98,weakening,falling,0.733,72.02,86.7828,68.5755,62.8192,0.5662,0.4131,0.2697,1.0889,118.88,-39.42,4.0,False,True,False,18,40.07,False,-22.51,False,False,False,False,False
ACN,2026-07-28,20,14.3,4.8,base,accumulating,1.005,164.66,153.7096,188.1731,200.5478,0.5657,-0.1146,-0.4682,-0.5688,288.54,-42.93,,False,False,True,6,127.98,False,1.43,True,False,False,True,True
ADBE,2026-07-28,20,27.9,4.96,base,accumulating,0.871,249.18,228.7394,257.0858,270.2541,0.6624,-0.0164,-0.2274,-0.4887,370.7,-32.78,,False,False,True,6,195.16,False,22.6,True,False,False,True,True
ADEA,2026-07-28,60,72.2,6.27,weakening,falling,0.629,25.15,28.4083,25.3035,23.8273,0.7324,-0.209,0.3001,0.7179,33.63,-25.22,,False,True,True,26,18.09,False,-20.38,False,False,True,False,False
ADI,2026-07-28,60,63.4,3.77,weakening,falling,0.859,365.83,389.7439,358.1106,342.7743,0.8204,-0.0865,0.1388,0.4221,445.48,-17.88,,False,True,True,28,300.25,False,-12.59,False,False,False,False,False
ADM,2026-07-28,100,69.4,2.54,base,accumulating,0.855,83.18,80.0243,73.6103,71.2538,0.9403,0.1016,0.1539,0.3558,84.11,-1.11,1.6,True,False,True,29,61.94,False,6.78,False,False,False,True,True
ADP,2026-07-28,60,51.5,3.04,base,accumulating,0.857,264.17,234.9398,234.5435,240.1887,0.836,0.2854,-0.0273,-0.3024,310.94,-15.04,,False,False,False,16,188.79,False,20.2,True,False,False,True,True
ADPT,2026-07-28,100,100,5.42,early_breakout,accumulating,0.953,22.52,19.4018,16.879,16.27,0.9728,0.563,0.1059,0.9594,21.4,5.23,4.0,False,False,False,18,12.41,False,30.83,False,False,False,True,True
ADSK,2026-07-28,20,31.9,4.35,base,accumulating,0.832,237.38,216.4745,238.4096,246.895,0.7213,-0.0302,-0.1798,-0.3835,326.79,-27.36,,False,False,True,6,193.82,False,21.38,True,False,False,True,True
AEHR,2026-07-28,60,100,16.75,weakening,stabilizing,1.294,70.0,85.3465,68.103,60.7907,0.5528,-0.1918,1.4573,2.1845,116.58,-39.96,,True,False,True,26,25.64,False,-37.74,False,False,False,False,False
AEIS,2026-07-28,60,60.5,7.7,weakening,falling,0.685,273.42,320.0381,302.5092,286.6727,0.688,-0.3002,-0.0118,0.7632,389.05,-29.72,,False,True,False,29,219.59,False,-24.38,False,False,True,False,False
AEM,2026-07-28,20,26.7,3.42,weakening,stabilizing,0.961,143.71,159.3995,174.0512,172.9668,0.563,-0.2815,-0.4004,-0.0018,252.19,-43.02,,False,False,True,2,136.97,False,-14.5,False,False,False,False,False
AER,2026-07-28,100,59.9,2.54,base,accumulating,0.8,154.09,146.1336,141.4345,139.1687,0.9878,0.0827,0.0059,0.2145,154.83,-0.48,,False,False,False,19,131.6,False,10.76,True,False,False,True,True
AGCO,2026-07-28,80,50.8,3.17,base,accumulating,0.957,123.71,116.1098,115.5739,114.6501,0.8604,0.0323,0.0229,-0.0385,140.49,-11.94,,True,False,True,19,109.26,False,11.78,True,False,False,True,True
AGI,2026-07-28,20,23.0,4.17,weakening,stabilizing,0.971,28.79,33.3602,37.045,36.8346,0.5196,-0.3507,-0.4055,-0.0266,55.33,-47.97,,False,False,True,2,28.26,False,-21.66,False,False,False,False,False
AGIO,2026-07-28,80,66.2,5.41,base,falling,1.021,35.99,35.1346,32.6355,32.6019,0.7824,0.4102,0.1901,-0.1957,45.49,-20.88,,False,False,False,14,25.32,False,14.96,True,False,False,False,False
AIR,2026-07-28,100,88.3,5.13,base,falling,1.083,140.8,128.929,114.8429,109.6374,0.9595,0.2524,0.2697,0.6702,143.14,-1.63,3.4,False,True,False,29,97.03,False,9.18,False,False,False,True,True
AKAM,2026-07-28,60,62.9,5.17,weakening,falling,0.719,111.79,123.1422,113.6601,109.0413,0.6757,0.1304,0.0174,0.2393,161.14,-30.63,,False,True,True,29,88.12,False,-14.85,False,False,False,False,False
ALAB,2026-07-28,60,100,12.78,weakening,falling,0.78,260.23,328.411,253.1283,232.1949,0.521,0.3786,0.4572,0.9346,455.96,-42.93,4.0,False,True,False,18,112.47,False,-31.29,False,False,False,False,False
ALB,2026-07-28,20,28.6,4.54,weakening,falling,0.931,113.16,142.6419,150.0417,144.3685,0.512,-0.4355,-0.4825,0.3503,215.62,-47.52,,False,True,True,0,113.16,False,-31.15,False,False,False,False,False
ALC,2026-07-28,20,26.8,2.36,base,falling,0.99,69.11,68.3755,72.5,73.9958,0.7544,-0.1244,-0.2107,-0.3965,91.44,-24.42,,False,False,False,12,62.56,False,6.1,True,False,False,True,False
APPN,2026-07-28,20,45.9,6.2,base,accumulating,0.815,27.35,23.8954,25.4066,26.2144,0.5938,0.2142,-0.1502,-0.2711,45.64,-40.07,,True,False,True,11,19.53,False,19.38,True,False,False,True,True
ATRC,2026-07-28,80,64.3,4.5,base,accumulating,0.997,39.75,31.7085,31.6253,32.0,0.9206,0.3547,-0.0303,0.0334,42.4,-6.26,,False,False,False,12,26.28,False,43.92,True,False,False,True,True
AUGO,2026-07-28,20,60.0,6.3,weakening,stabilizing,0.897,55.05,63.0338,64.5485,61.4952,0.499,-0.3826,-0.2703,1.1145,109.14,-49.56,,False,False,True,2,50.22,False,-14.97,False,False,False,False,False
BG,2026-07-23,100,59.7,2.66,base,accumulating,0.826,122.3,118.328,114.6464,111.4073,0.9068,-0.0736,0.0203,0.4018,131.41,-6.93,,True,False,True,29,92.64,False,-2.76,False,False,False,True,True
BHE,2026-07-23,80,100,4.7,base,falling,1.034,83.85,83.3786,70.6555,66.1188,0.8351,0.1994,0.5776,0.9103,93.66,-10.47,4.0,False,True,False,29,43.9,False,3.05,False,False,False,False,False
BHP,2026-07-24,80,67.1,2.67,base,accumulating,0.898,83.72,82.9693,76.4728,73.3166,0.8923,0.0079,0.1747,0.3849,93.15,-10.12,,True,False,True,28,61.72,False,-3.01,False,False,False,True,True
BIDU,2026-07-24,20,28.6,3.6,weakening,stabilizing,0.93,105.34,116.5164,120.9312,119.8208,0.6373,-0.2226,-0.4127,-0.0054,162.52,-35.18,,False,False,True,4,104.22,False,-7.42,False,False,False,False,False
BIIB,2026-07-23,100,64.8,4.36,base,falling,1.195,200.62,199.0969,186.9999,181.3012,0.9131,0.0268,0.0891,0.3685,204.53,-1.91,3.8,False,False,False,27,164.42,False,5.14,False,False,False,False,False
BILL,2026-07-23,40,39.6,4.9,base,accumulating,0.901,41.26,39.0986,41.0131,41.9558,0.7212,0.0845,-0.1834,-0.2766,56.31,-26.73,,False,False,True,5,32.47,False,29.24,True,False,False,True,True
BIRK,2026-07-23,40,35.6,4.96,weakening,falling,0.634,40.61,42.913,41.8105,42.1666,0.7586,-0.0422,-0.056,-0.3678,53.4,-23.95,,False,True,True,10,31.19,False,-5.75,False,False,True,False,False
BJ,2026-07-23,20,33.9,2.8,base,accumulating,0.854,91.29,90.3253,93.0337,94.3988,0.823,-0.0995,-0.1143,-0.2912,109.98,-16.99,,False,False,True,5,85.22,False,0.55,True,False,False,True,True
BKE,2026-07-23,0,20.3,2.89,weakening,stabilizing,1.13,41.99,44.9161,48.7315,49.3215,0.6807,-0.2965,-0.2706,-0.3257,61.58,-31.81,,False,False,True,0,41.99,False,-3.43,False,False,False,False,False
BKNG,2026-07-23,0,28.4,3.33,weakening,falling,0.871,172.83,174.6899,180.5942,184.796,0.7456,-0.0632,-0.2264,-0.4099,229.45,-24.68,,False,False,False,10,154.13,False,9.44,True,False,False,False,False
BLDR,2026-07-23,0,5.4,4.89,weakening,falling,0.817,70.55,78.3729,89.4111,93.7484,0.4671,-0.2583,-0.502,-0.6395,149.21,-52.72,,False,True,False,10,70.41,False,-3.6,False,False,False,False,False
BMRN,2026-07-23,80,45.6,2.52,base,accumulating,0.813,58.87,57.2377,56.4154,56.2658,0.8883,0.0496,-0.0357,-0.1766,64.08,-8.13,,True,False,True,10,51.81,False,6.66,True,False,False,True,True
BMY,2026-07-23,100,54.5,2.52,base,accumulating,0.945,61.51,57.9565,56.3643,55.3753,0.9781,0.0012,0.0544,0.0927,62.37,-1.38,,False,False,False,29,53.46,False,12.48,False,False,False,True,True
BNTX,2026-07-24,0,21.9,2.55,weakening,stabilizing,0.84,89.33,92.3865,96.033,97.3248,0.7204,-0.1939,-0.295,-0.3835,119.34,-25.15,,True,False,True,17,85.68,False,1.62,True,False,False,False,False
BOOT,2026-07-23,0,26.9,4.37,weakening,falling,0.863,147.76,160.9166,167.0313,167.9866,0.7028,-0.1355,-0.2813,-0.3085,207.98,-28.95,,False,True,True,16,135.16,False,-8.7,False,False,False,False,False
BOX,2026-07-23,60,47.1,4.09,base,falling,1.084,28.28,27.2957,26.9669,27.4836,0.8347,0.1604,-0.0037,-0.3067,33.55,-15.71,,False,False,False,15,21.37,False,8.65,True,False,False,False,True
BR,2026-07-23,0,17.0,3.09,weakening,falling,0.853,144.4,148.3884,169.5783,178.6755,0.5311,-0.115,-0.3769,-0.568,266.89,-45.9,,False,False,False,5,137.6,False,0.46,True,False,False,False,False
BRKR,2026-07-27,100,87.4,4.73,base,falling,0.799,60.05,55.4378,48.2162,46.6625,0.9304,0.6029,0.1744,0.2687,62.7,-4.23,,False,True,True,19,33.35,False,12.58,False,False,False,True,True
BROS,2026-07-28,80,54.5,4.1,base,falling,0.72,64.67,63.3601,59.7104,59.6398,0.8663,0.1268,0.0532,-0.0713,74.24,-12.89,,False,False,False,18,46.69,False,-0.92,False,False,False,False,False
BRZE,2026-07-28,40,42.5,6.99,base,stabilizing,0.815,25.11,23.2237,23.5723,24.0673,0.6727,0.0795,-0.0349,-0.32,36.19,-30.62,,True,False,True,23,17.16,False,17.41,True,False,False,True,False
BSX,2026-07-28,0,0.8,3.16,weakening,accumulating,0.93,46.06,47.969,62.8152,68.4848,0.4206,-0.253,-0.5732,-0.728,108.14,-57.41,,False,False,True,2,44.03,False,0.35,True,False,False,True,True
BSY,2026-07-28,20,33.1,4.57,base,accumulating,0.89,35.84,32.0316,35.4599,37.3336,0.6049,0.0679,-0.1008,-0.5528,58.72,-38.96,,False,False,True,6,29.38,False,19.24,True,False,False,True,True
BTI,2026-07-28,100,51.2,2.55,base,falling,1.081,62.3,60.9966,59.4294,58.5109,0.9257,0.0245,-0.0328,0.04,66.7,-6.6,,False,False,False,29,55.19,False,3.88,False,False,False,True,False
BTSG,2026-07-28,100,100,3.85,early_breakout,accumulating,1.152,72.46,65.16,52.9754,49.0764,0.9825,0.4848,0.7903,2.3749,69.7,3.96,4.0,False,False,False,29,37.53,False,14.93,False,False,False,True,True
BUD,2026-07-28,100,59.4,2.37,base,accumulating,0.929,83.2,80.3651,75.9649,74.4193,0.9724,0.077,0.1191,0.0908,85.09,-2.22,,False,False,False,29,65.88,False,3.96,False,False,False,True,True
BURL,2026-07-28,100,64.4,3.37,early_breakout,accumulating,0.765,370.01,331.7841,314.4121,307.1144,0.991,0.1104,0.2111,0.1216,347.82,6.38,1.8,True,False,True,11,293.6,False,11.78,False,False,False,True,True
BVN,2026-07-28,60,57.1,4.5,weakening,stabilizing,0.779,30.38,31.6954,31.6374,30.5979,0.6801,-0.0641,-0.2693,0.5899,43.67,-30.43,,False,False,True,4,29.72,False,-11.0,False,False,False,False,True
BWA,2026-07-28,60,80.2,3.22,weakening,stabilizing,0.716,63.21,64.99,58.9231,56.2193,0.802,0.1229,0.2399,0.604,77.03,-17.94,,True,False,True,28,47.19,False,-12.17,False,False,False,False,False
BWXT,2026-07-28,20,30.8,4.35,weakening,falling,0.845,169.67,189.2943,194.3295,191.8975,0.7016,-0.2561,-0.2664,-0.0307,238.42,-28.84,,False,True,True,0,169.67,False,-10.66,False,False,False,False,False
BYD,2026-07-28,100,48.5,2.62,early_breakout,accumulating,0.99,91.26,86.6856,85.009,84.4771,0.9984,0.0097,0.0446,-0.1064,89.7,1.74,1.8,True,False,True,11,79.09,False,5.95,True,False,False,True,True
CAE,2026-07-28,20,33.9,2.54,base,accumulating,0.753,26.36,25.4785,26.7795,27.161,0.7699,-0.0097,-0.2881,-0.236,34.05,-22.58,,True,False,True,10,23.16,False,6.25,True,False,False,True,True
CAH,2026-07-28,100,63.9,2.11,base,falling,0.933,232.51,222.6232,210.7485,206.0427,0.956,0.0898,0.0211,0.3241,237.92,-2.27,3.6,False,True,False,12,183.65,False,4.55,False,False,False,True,True
CAKE,2026-07-28,100,85.6,3.04,watch,accumulating,1.117,89.01,76.2417,66.9384,65.1425,0.9976,0.3791,0.4942,0.1877,80.38,10.74,2.6,False,False,False,18,54.07,False,22.54,False,False,False,True,True
CALM,2026-07-28,40,50.0,4.06,base,accumulating,1.179,93.21,82.92,82.9542,84.3839,0.7936,0.1651,0.0512,-0.27,116.8,-20.2,,False,False,False,29,73.69,False,18.99,True,False,False,True,True
CALX,2026-07-28,0,16.4,4.66,weakening,falling,1.238,37.1,39.1308,44.8734,46.6469,0.5209,-0.1583,-0.4025,-0.5063,68.42,-45.78,,False,False,False,5,35.57,False,-1.36,False,False,False,False,False
CAMT,2026-07-28,60,43.4,7.61,weakening,stabilizing,1.002,140.06,159.5324,154.3786,147.9974,0.6485,-0.2651,-0.1175,0.2526,207.46,-32.49,,True,False,True,29,131.67,False,-27.32,False,False,False,False,False
CAR,2026-07-28,40,44.7,4.35,deep_base_watch,stabilizing,0.657,166.32,170.5301,170.2865,168.1891,0.1962,-0.1272,0.35,-0.3559,713.97,-76.7,,True,False,True,23,96.47,False,-10.64,False,False,True,True,False
CARG,2026-07-28,60,45.7,3.76,base,accumulating,0.808,36.42,33.0748,33.1691,33.3259,0.9239,-0.0553,0.0082,-0.0792,39.03,-6.69,,False,False,False,7,27.17,False,32.2,True,False,False,True,True
CARR,2026-07-28,60,39.1,4.2,weakening,falling,0.981,63.16,67.884,64.7044,64.4041,0.7789,-0.0223,0.0415,-0.3754,80.18,-21.23,,False,True,True,18,54.25,False,-9.35,False,False,False,False,False
CART,2026-07-28,80,49.8,3.78,base,falling,0.929,45.62,44.2854,42.3322,42.2306,0.8527,0.0393,0.1366,-0.1972,51.77,-11.88,,False,True,True,25,34.64,False,10.01,False,False,False,True,False
CAT,2026-07-28,60,80.4,4.76,weakening,falling,0.936,840.85,906.8135,802.2962,756.2727,0.7833,-0.0129,0.2508,0.779,1057.01,-20.45,4.0,False,True,False,29,617.62,False,-8.12,False,False,False,False,False
CAVA,2026-07-28,20,23.5,5.42,weakening,falling,1.007,65.0,74.1792,75.4209,75.1338,0.658,-0.327,-0.0224,-0.4243,97.39,-33.26,,False,True,True,26,60.62,False,-25.54,False,False,False,False,False
CBT,2026-07-28,100,63.4,2.95,base,accumulating,0.771,91.05,86.5637,80.3949,78.9547,0.9632,0.1436,0.2071,0.0467,93.4,-2.52,,False,False,False,19,67.82,False,3.91,False,False,False,True,True
CBZ,2026-07-28,40,52.5,4.51,base,accumulating,0.925,46.7,36.4564,37.762,40.3667,0.5994,0.3968,0.1105,-0.5547,76.75,-39.15,,False,False,False,20,26.12,False,39.61,True,False,False,True,True
CCEP,2026-07-28,100,58.3,2.53,early_breakout,accumulating,0.996,111.45,101.5283,97.4918,96.59,0.9805,0.1051,0.1626,-0.0278,110.43,0.92,0.2,False,False,False,29,88.74,False,13.96,False,False,False,True,True
CCK,2026-07-28,100,60.8,2.86,early_breakout,accumulating,1.002,121.2,108.5863,104.7544,104.125,0.9943,0.169,0.1025,0.0312,116.11,4.38,1.8,False,False,False,8,93.38,False,22.95,True,False,False,True,True
CCL,2026-07-28,20,42.4,3.89,base,falling,0.721,28.23,27.2462,27.6968,27.8622,0.8296,0.0324,-0.0813,-0.2136,33.99,-16.95,,False,True,True,20,23.99,False,-4.42,False,False,False,True,False
CDNS,2026-07-28,60,47.4,4.57,weakening,stabilizing,0.947,344.72,359.0179,341.5385,336.9747,0.8273,0.0187,0.0175,-0.1303,416.39,-17.21,,True,False,True,16,265.66,False,-10.77,False,False,False,False,False
CDW,2026-07-28,20,43.1,3.61,base,accumulating,0.829,144.03,131.6636,132.7729,135.9985,0.7842,0.0426,0.0833,-0.3708,182.18,-20.94,,True,False,True,11,102.07,False,11.55,True,False,False,True,True
CE,2026-07-28,20,18.8,4.73,weakening,falling,0.976,43.5,49.9255,51.9796,51.8683,0.6153,-0.3681,-0.1369,-0.412,69.24,-37.18,,False,True,True,0,43.5,False,-17.25,False,False,False,False,False
A,2026-07-29,80,60.1,2.95,base,accumulating,0.927,140.3,130.8578,127.5998,127.2328,0.8754,0.2354,-0.0009,0.0224,157.2,-10.75,,True,False,True,18,110.24,False,12.1,True,False,False,True,True
AA,2026-07-29,20,34.2,4.62,weakening,falling,1.16,42.88,54.3573,56.4084,54.4381,0.5082,-0.3386,-0.3344,0.2604,83.79,-48.82,,False,True,True,0,42.88,False,-29.01,False,False,False,False,False
AAOI,2026-07-29,40,100,17.14,weakening,falling,0.741,76.52,130.6553,113.7271,102.2055,0.3275,-0.5244,0.6428,2.0255,223.1,-65.7,,False,True,True,29,34.04,False,-52.42,False,False,False,False,False
AAON,2026-07-29,40,41.6,7.95,weakening,falling,0.898,84.87,113.8939,106.6777,103.0516,0.5641,-0.0436,-0.1186,-0.1032,148.25,-42.75,,False,True,True,19,80.01,False,-32.26,False,False,False,False,False
AAP,2026-07-29,80,51.2,4.89,base,accumulating,0.873,58.43,56.522,54.8813,54.4308,0.896,0.0228,0.1293,-0.1185,64.17,-8.94,,True,False,True,28,43.2,False,-0.43,False,False,False,True,True
AAPL,2026-07-29,100,80.7,2.35,early_breakout,accumulating,0.903,338.19,308.9792,285.3318,277.3828,0.9815,0.2266,0.2698,0.4525,315.2,7.29,3.0,False,False,False,19,247.99,False,15.8,False,False,False,True,True
ABBV,2026-07-29,100,72.2,2.26,early_breakout,accumulating,0.884,263.3,240.327,226.4267,222.9633,0.9844,0.2663,0.1551,0.2287,254.31,3.54,3.8,False,False,False,14,198.71,False,21.13,True,False,False,True,True
ABM,2026-07-29,80,57.3,2.24,base,accumulating,0.734,49.36,44.7084,43.3533,43.4266,0.9848,0.2157,0.0531,-0.0981,49.66,-0.6,,True,False,True,19,37.39,False,15.01,True,False,False,True,True
ABNB,2026-07-29,100,55.1,3.05,early_breakout,falling,0.877,153.01,142.0871,136.2589,134.856,0.9777,0.0656,0.1142,-0.0301,147.17,3.97,4.0,False,True,True,24,121.35,False,11.15,False,False,False,True,True
ABT,2026-07-29,20,46.2,2.98,base,accumulating,0.987,108.0,95.6721,102.0726,105.7427,0.7855,0.1574,-0.0306,-0.3046,136.62,-20.95,,False,False,False,12,84.32,False,21.96,True,False,False,True,True
ACA,2026-07-29,100,80.7,0.48,base,accumulating,1.184,144.87,137.5762,123.9064,119.5345,0.986,0.2189,0.2325,0.498,145.29,-0.29,3.6,True,False,True,19,100.68,False,11.99,False,False,False,True,True
ACAD,2026-07-29,100,56.3,2.92,base,accumulating,0.881,26.34,24.1157,23.4275,23.3827,0.9291,0.1614,-0.0208,0.0157,28.06,-6.13,,False,False,False,20,20.61,False,28.57,True,False,False,True,True
ACHC,2026-07-29,60,79.7,7.92,weakening,falling,1.073,27.35,29.1652,25.0783,24.1303,0.7633,-0.0573,0.986,0.0804,29.53,-7.38,4.0,False,False,False,28,11.68,False,12.23,False,False,False,False,False
ACIW,2026-07-29,100,81.2,3.26,watch,accumulating,1.083,60.18,51.1088,46.9439,46.5023,0.9853,0.3551,0.3345,0.2307,53.62,12.23,3.8,False,False,False,19,39.44,False,35.05,True,False,False,True,True
ACLS,2026-07-29,60,59.4,9.82,weakening,falling,0.79,112.05,145.3152,126.8272,119.1937,0.5782,-0.1865,0.1793,0.3831,191.6,-41.52,,False,True,False,23,80.16,False,-33.86,False,False,False,False,False
ACM,2026-07-29,20,21.2,3.02,base,accumulating,0.744,73.57,71.7205,83.2656,87.7245,0.5429,-0.1275,-0.2943,-0.4972,134.35,-45.24,,False,False,True,4,67.74,False,6.3,True,False,False,True,True
ACMR,2026-07-29,60,93.7,13.21,weakening,falling,0.727,65.3,85.9404,68.5321,62.8439,0.5134,0.3171,0.1215,0.913,126.89,-48.54,,False,True,False,18,40.07,False,-25.6,False,False,False,False,False
ACN,2026-07-29,20,19.3,4.92,base,accumulating,0.99,173.17,154.4728,187.9744,200.2754,0.5949,-0.0645,-0.4086,-0.5274,288.54,-39.98,,False,False,True,6,127.98,False,7.4,True,False,False,True,True
ADBE,2026-07-29,20,34.0,4.97,base,accumulating,0.888,263.43,230.0998,257.1699,270.1862,0.7003,0.0564,-0.1696,-0.4377,370.7,-28.94,,False,False,True,6,195.16,False,29.85,True,False,False,True,True
ADEA,2026-07-29,60,64.7,7.21,weakening,falling,0.614,23.16,28.2025,25.2751,23.8206,0.6744,-0.2705,0.2118,0.6388,33.63,-31.13,,False,True,True,26,18.09,False,-24.39,False,False,True,False,False
ADI,2026-07-29,60,58.7,3.99,weakening,falling,0.838,353.37,388.3175,358.0478,342.8797,0.7925,-0.1174,0.0636,0.3831,445.48,-20.68,,False,True,True,28,300.25,False,-12.27,False,False,False,False,False
ADM,2026-07-29,100,66.6,2.96,base,stabilizing,0.879,80.38,80.0382,73.6999,71.3446,0.9087,0.0571,0.1436,0.3347,84.11,-4.43,1.8,True,False,True,29,61.94,False,5.81,False,False,False,False,True
ADP,2026-07-29,60,53.2,3.48,base,accumulating,0.865,273.37,236.4469,235.0578,240.5189,0.8651,0.246,0.0415,-0.2626,310.94,-12.08,,False,False,False,16,188.79,False,25.92,True,False,False,True,True
ADPT,2026-07-29,100,100,5.48,early_breakout,accumulating,0.936,22.56,19.5257,16.9542,16.3326,0.9745,0.6423,0.1705,1.023,21.45,5.17,4.0,False,False,False,18,12.41,False,33.79,False,False,False,True,True
ADSK,2026-07-29,20,36.1,4.29,base,accumulating,0.834,245.25,217.603,238.5002,246.8786,0.7452,0.0146,-0.135,-0.3484,326.79,-24.95,,False,False,True,6,193.82,False,24.57,True,False,False,True,True
AEHR,2026-07-29,60,100,17.28,weakening,stabilizing,1.316,65.4,84.5643,68.0672,60.8365,0.5165,-0.2257,1.2884,2.3341,116.58,-43.9,,True,False,True,26,25.64,False,-34.83,False,False,False,False,False
AEIS,2026-07-29,60,53.0,8.69,weakening,falling,0.693,252.485,317.3889,301.8466,286.3326,0.6353,-0.3265,-0.0917,0.6272,389.05,-35.1,,False,True,False,29,219.59,False,-25.17,False,False,True,False,False
AEM,2026-07-29,20,28.3,3.62,weakening,stabilizing,0.967,144.43,158.8125,173.6588,172.6828,0.5659,-0.2383,-0.4013,-0.0047,252.19,-42.73,,False,False,True,2,136.97,False,-15.07,False,False,False,False,False
AER,2026-07-29,100,57.0,3.06,base,falling,0.828,148.63,146.2315,141.5298,139.2629,0.9507,0.051,-0.007,0.1708,154.83,-4.0,,False,False,False,19,131.6,False,6.73,True,False,False,False,True
AGCO,2026-07-29,80,47.0,3.96,base,stabilizing,0.997,116.17,116.1122,115.5818,114.6652,0.808,-0.0099,-0.0186,-0.0693,140.49,-17.31,,True,False,True,19,109.26,False,5.4,True,False,False,False,True
AGI,2026-07-29,20,23.7,4.31,weakening,stabilizing,0.957,28.58,33.1728,36.9329,36.7524,0.5158,-0.3269,-0.4057,-0.0354,55.33,-48.35,,False,False,True,2,28.26,False,-22.83,False,False,False,False,False
AGIO,2026-07-29,60,57.9,5.39,weakening,falling,1.029,35.01,35.1297,32.6669,32.6259,0.7611,0.223,0.1877,-0.2204,45.49,-23.04,,False,True,False,14,25.32,False,12.74,True,False,False,False,False
AIR,2026-07-29,100,86.7,5.3,base,falling,1.083,135.4,129.1827,115.1152,109.8938,0.9227,0.256,0.2522,0.631,143.14,-5.41,3.6,False,True,False,29,97.03,False,6.97,False,False,False,True,True
AKAM,2026-07-29,60,58.2,5.33,weakening,falling,0.71,107.41,122.5253,113.5773,109.0251,0.6492,0.0511,0.0031,0.203,161.14,-33.34,,False,True,True,29,88.12,False,-16.04,False,False,False,False,False
ALAB,2026-07-29,60,100,13.1,weakening,falling,0.771,249.74,325.3259,253.0834,232.3695,0.5,0.2436,0.4385,0.9608,483.02,-48.3,,False,True,False,18,112.47,False,-28.17,False,False,False,False,False
ALB,2026-07-29,20,33.2,4.47,weakening,falling,0.896,113.88,141.514,149.5628,144.0651,0.5153,-0.4285,-0.4311,0.4422,215.62,-47.18,,False,True,True,0,113.88,False,-28.66,False,False,False,False,False
ALC,2026-07-29,20,30.2,2.25,base,accumulating,1.003,69.65,68.4255,72.4622,73.9525,0.7603,-0.0685,-0.1829,-0.3866,91.44,-23.83,,False,False,False,12,62.56,False,8.57,True,False,False,True,True
AWI,2026-07-28,20,45.8,3.87,base,accumulating,1.237,178.65,159.6867,167.9179,170.0488,0.8669,0.0267,-0.0863,-0.0901,203.71,-12.3,,False,False,True,7,154.21,False,16.82,True,False,False,True,True
BMI,2026-07-28,0,34.1,5.09,weakening,falling,1.057,134.58,136.5456,147.0701,154.4918,0.6597,0.1113,-0.2304,-0.4495,193.09,-30.3,,False,True,False,11,114.23,False,2.92,True,False,False,False,False
CECO,2026-07-29,60,46.4,9.12,weakening,falling,0.914,59.82,80.6002,72.4059,68.3292,0.5909,-0.1998,-0.1892,0.3342,99.67,-39.98,,False,True,True,21,52.53,False,-32.58,False,False,False,False,False
CELC,2026-07-29,20,57.8,7.11,weakening,falling,1.096,83.26,100.3386,100.8474,95.4992,0.5513,-0.3255,-0.322,1.0143,144.98,-42.57,,False,True,True,1,82.62,False,-1.87,False,False,False,False,False
CELH,2026-07-29,0,12.8,4.57,weakening,falling,0.836,28.88,30.4033,36.3071,38.3537,0.4327,-0.1409,-0.5132,-0.5395,64.86,-55.47,,False,True,True,1,27.12,False,-0.98,False,False,False,False,False
CENX,2026-07-29,40,55.4,5.33,weakening,stabilizing,0.889,42.66,49.8878,49.4233,46.8836,0.6057,-0.3018,-0.1783,0.7621,68.77,-37.97,,False,False,True,2,41.5,False,-17.55,False,False,False,False,False
A,2026-07-30,80,56.1,2.88,base,accumulating,0.915,138.71,131.1658,127.7469,127.347,0.8655,0.1684,-0.0278,0.006,157.2,-11.76,,True,False,True,18,110.24,False,11.47,True,False,False,True,True
AA,2026-07-30,20,36.8,4.45,weakening,falling,1.043,44.97,53.9891,56.2569,54.3439,0.5329,-0.3271,-0.3271,0.324,83.79,-46.33,,False,True,True,2,43.98,False,-27.25,False,False,False,False,False
AAOI,2026-07-30,40,100,14.71,weakening,falling,0.759,90.11,129.0653,113.4143,102.0852,0.3856,-0.4838,1.2086,2.7386,223.1,-59.61,,False,True,True,29,34.04,False,-46.25,False,False,False,False,False
AAON,2026-07-30,40,39.8,7.58,weakening,falling,0.903,87.59,112.8624,106.4249,102.8977,0.5821,-0.0933,-0.13,-0.0842,148.25,-40.92,,False,True,True,19,80.01,False,-34.42,False,False,False,False,False
AAP,2026-07-30,60,44.6,5.24,weakening,falling,0.878,56.19,56.5089,54.8987,54.4483,0.8617,-0.0878,0.099,-0.1626,64.17,-12.44,,False,False,False,28,43.2,False,-3.39,False,False,False,False,True
AAPL,2026-07-30,100,77.3,2.41,early_breakout,accumulating,0.918,333.43,309.938,285.9689,277.9405,0.9677,0.1967,0.2223,0.426,315.2,5.78,3.2,False,False,False,19,247.99,False,12.57,False,False,False,True,True
CF,2026-07-30,80,62.9,3.34,base,accumulating,0.835,125.77,117.3553,110.6612,107.7054,0.886,-0.0194,0.2689,0.1886,137.6,-8.6,,True,False,True,29,82.6,False,18.72,False,False,False,True,True
CGNX,2026-07-30,60,90.4,5.21,weakening,falling,0.809,62.62,62.9875,56.3202,53.593,0.8592,0.096,0.5333,0.6858,72.42,-13.53,,False,True,False,26,38.74,False,-3.42,False,False,False,False,False
CGON,2026-07-30,100,100,5.78,base,accumulating,0.892,73.03,68.1079,60.9254,57.4404,0.9484,0.0622,0.2984,1.5449,74.0,-1.31,3.0,False,False,False,25,50.36,False,20.75,False,False,False,True,True
CDNA,2026-07-28,80,100,5.48,extended,accumulating,1.18,35.75,28.8514,23.3179,22.1872,0.8834,0.5951,0.6576,1.6133,29.28,22.1,2.0,False,False,False,16,16.05,False,48.42,False,False,False,True,True
COHU,2026-07-31,60,100,12.24,weakening,falling,0.834,47.99,52.6684,43.7483,40.3632,0.6433,0.016,0.6019,1.5052,73.91,-35.07,,False,True,False,29,26.86,False,-30.89,False,False,False,False,False
AEHR,2026-07-31,60,100,14.06,weakening,stabilizing,1.327,79.98,84.0946,68.34,61.185,0.6317,-0.1773,2.0398,3.5507,116.58,-31.39,,True,False,True,26,25.64,False,-30.67,False,False,False,False,False
ACHC,2026-07-31,80,90.2,7.18,base,falling,1.046,29.62,29.1444,25.1785,24.2244,0.8267,0.0269,1.1243,0.1787,31.91,-7.18,3.8,False,False,False,28,11.68,False,19.06,False,False,False,False,False
ABM,2026-07-31,80,49.8,2.56,base,accumulating,0.737,47.91,44.9429,43.4692,43.5123,0.9559,0.1322,-0.039,-0.1433,49.66,-3.52,,True,False,True,19,37.39,False,8.48,True,False,False,True,True
AYA,2026-07-31,80,88.9,6.68,base,accumulating,1.091,19.65,19.1382,17.3734,16.5345,0.8932,0.0273,0.1326,1.1272,21.63,-9.15,,True,False,True,19,12.58,False,-1.2,False,False,False,True,True
ADEA,2026-07-31,60,78.9,6.42,weakening,falling,0.616,26.65,28.036,25.2949,23.8644,0.7761,-0.229,0.3936,0.8761,33.63,-20.76,,False,True,True,26,18.09,False,-16.26,False,False,True,False,False
CLDX,2026-07-31,100,86.2,4.18,base,accumulating,0.955,38.06,34.9503,31.5859,30.4158,0.9444,0.1414,0.4676,0.5497,38.37,-0.81,3.8,False,False,False,24,23.0,False,17.32,False,False,False,True,True
COLM,2026-07-31,60,42.5,3.92,weakening,falling,1.039,59.38,62.9031,60.7812,60.2754,0.8598,-0.0842,-0.0054,-0.1322,67.79,-12.41,,False,True,True,27,52.89,False,-10.69,False,False,False,False,False
AAP,2026-07-31,60,44.5,4.96,weakening,falling,0.871,55.54,56.4709,54.9072,54.4591,0.8517,-0.0941,0.0773,-0.1353,64.17,-13.45,,False,False,False,28,43.2,False,-7.63,False,False,False,False,True
ADPT,2026-07-31,100,100,6.55,early_breakout,accumulating,0.948,22.57,19.8204,17.123,16.472,0.9187,0.545,0.1404,1.0222,22.37,0.89,2.6,False,False,False,18,12.41,False,28.71,False,False,False,True,True
COCO,2026-07-31,60,73.4,5.65,weakening,falling,1.032,65.94,71.0261,63.4318,60.2752,0.7683,-0.0487,0.1564,0.6882,84.02,-21.52,,False,False,False,18,46.97,False,-21.56,False,False,False,False,False
CLMT,2026-07-31,100,100,3.68,watch,accumulating,1.134,44.19,38.036,32.03,29.9387,0.9777,0.2754,0.8923,1.5904,37.41,18.12,3.6,False,False,False,29,19.87,False,35.35,False,False,False,True,True
ACLS,2026-07-31,60,80.1,8.87,weakening,falling,0.738,130.38,143.972,126.8531,119.3643,0.6728,-0.1053,0.4008,0.7443,191.6,-31.95,,False,True,True,23,80.16,False,-30.51,False,False,False,False,False
CNR,2026-07-31,20,35.0,3.81,weakening,falling,0.771,79.84,84.6213,86.9229,86.4237,0.6955,-0.1191,-0.2425,-0.1002,113.23,-29.49,,False,True,True,4,79.34,False,-4.5,False,False,False,False,False
CON,2026-07-31,100,87.2,2.95,base,accumulating,0.843,31.65,29.317,25.7045,24.8172,0.9632,0.3682,0.3474,0.403,31.91,-0.81,0.8,False,False,False,29,19.9,False,10.78,False,False,False,True,True
CNK,2026-07-31,100,80.9,3.87,early_breakout,accumulating,1.191,36.59,31.4334,29.3111,28.9358,0.9757,0.2882,0.4656,0.1799,34.01,7.59,0.8,False,False,False,29,22.47,False,8.34,False,False,False,True,True
ACAD,2026-07-31,100,51.3,3.17,base,accumulating,0.876,25.87,24.2762,23.5007,23.4386,0.9125,0.142,-0.0501,-0.0963,28.06,-7.8,,False,False,False,20,20.61,False,19.62,True,False,False,True,True
CHEF,2026-07-31,100,100,4.75,extended,accumulating,1.216,115.35,92.4125,79.1674,76.0231,0.9968,0.4267,0.7543,0.5006,96.1,20.03,3.8,False,False,False,17,57.59,False,20.87,False,False,False,True,True
CHH,2026-07-31,60,43.7,3.12,base,accumulating,0.937,111.49,110.2847,108.7511,109.2558,0.8584,0.0705,0.005,-0.3089,127.71,-12.7,,True,False,True,20,95.46,False,-3.09,False,False,False,True,True
ACMR,2026-07-31,60,100,11.7,weakening,falling,0.654,78.47,85.3727,68.796,63.1551,0.617,0.4681,0.2706,1.4028,126.89,-38.16,,False,True,False,18,40.07,False,-28.62,False,False,True,False,False
AIR,2026-07-31,100,87.4,4.73,base,accumulating,1.037,140.04,129.9965,115.7638,110.4852,0.9543,0.2324,0.2427,0.6926,143.14,-2.17,4.0,False,False,False,29,97.03,False,3.79,False,False,False,True,True
ACIW,2026-07-31,100,73.1,3.38,early_breakout,accumulating,1.044,57.33,51.6008,47.2219,46.7202,0.9386,0.2705,0.2426,0.1652,54.88,4.46,4.0,False,False,False,19,39.44,False,29.99,True,False,False,True,True
CHDN,2026-07-31,0,24.2,3.89,weakening,falling,1.016,84.3,86.924,91.2654,92.9502,0.7123,-0.1821,-0.2225,-0.3943,117.59,-28.31,,False,True,True,19,83.73,False,-4.54,False,False,False,False,True
CROX,2026-07-31,100,74.3,5.3,early_breakout,falling,0.912,128.01,123.9846,108.6423,105.4663,0.9116,0.1957,0.4458,0.1017,127.77,0.19,3.2,False,True,False,19,75.78,False,2.33,False,False,False,False,False
CPB,2026-07-31,0,27.3,3.48,weakening,stabilizing,0.69,21.98,22.0245,23.5794,24.492,0.6432,0.0237,-0.294,-0.4933,34.03,-35.41,,False,False,False,11,20.01,False,3.89,True,False,True,False,True
COGT,2026-07-31,80,100,5.06,base,falling,0.847,38.93,37.6201,34.5005,32.4978,0.8902,0.0262,0.0045,2.2271,42.11,-7.55,,False,False,False,8,31.02,False,12.67,True,False,False,False,True
CORZ,2026-07-31,60,61.9,10.98,weakening,falling,0.893,20.72,23.2649,21.3496,20.6297,0.6802,-0.0184,0.0722,0.3484,29.16,-28.94,,False,True,False,21,14.86,False,-28.98,False,False,False,False,False
ACA,2026-07-31,100,76.0,0.45,base,accumulating,1.096,145.2,138.1636,124.4672,120.043,0.9883,0.1272,0.1889,0.5089,145.29,-0.06,4.0,True,False,True,19,100.68,False,6.85,False,False,False,True,True
AGCO,2026-07-31,40,28.2,5.25,weakening,falling,1.138,102.16,115.2266,115.2936,114.4666,0.7105,-0.1746,-0.1788,-0.3159,140.49,-27.28,,False,True,True,0,102.16,False,-10.16,False,False,False,False,False
AAON,2026-07-31,40,40.1,7.33,weakening,falling,0.902,89.06,111.9289,106.1949,102.76,0.5919,-0.085,-0.1015,-0.1153,148.25,-39.93,,False,True,True,19,80.01,False,-34.9,False,False,False,False,False
AAOI,2026-07-31,40,100,14.03,weakening,falling,0.731,94.32,127.7028,113.1614,102.0079,0.4036,-0.5226,1.0832,2.9423,223.1,-57.72,,False,True,True,29,34.04,False,-41.76,False,False,False,False,False
CMC,2026-07-31,80,47.3,3.12,base,accumulating,0.916,68.72,68.4596,68.0343,66.9882,0.8097,-0.0357,-0.1856,0.1432,83.21,-17.41,,True,False,True,18,58.28,False,-5.07,False,False,False,True,True
CNM,2026-07-31,0,22.0,3.22,weakening,falling,0.775,43.97,46.3231,49.606,50.7963,0.6545,-0.1396,-0.2555,-0.4909,66.98,-34.35,,False,True,True,1,43.62,False,-9.53,False,False,False,False,False
CHYM,2026-07-31,40,29.2,4.86,base,accumulating,0.927,22.99,20.5361,21.0983,21.7458,0.6505,-0.0029,-0.1752,-0.5137,34.41,-33.19,,False,False,False,7,16.7,False,30.59,True,False,False,True,True
CRNX,2026-07-31,100,100,0.91,extended,accumulating,2.309,83.52,61.9309,48.9401,46.5738,0.9943,1.1038,0.5928,1.7394,56.43,48.01,3.8,False,False,False,8,32.92,False,132.8,True,False,False,True,True
CIFR,2026-07-31,80,100,13.79,base,falling,1.042,22.32,21.9246,19.3545,18.16,0.7405,0.2733,0.3189,2.9061,29.18,-23.51,,False,False,False,17,12.82,False,-23.55,False,False,False,True,False
CHWY,2026-07-31,20,17.9,4.66,base,accumulating,0.811,22.6,21.4414,24.9199,26.5991,0.5195,-0.1517,-0.3032,-0.5661,42.33,-46.61,,False,False,True,6,18.21,False,24.07,True,False,False,True,True
ACM,2026-07-31,20,16.9,3.2,base,accumulating,0.733,72.39,71.7482,82.9712,87.4147,0.5342,-0.1758,-0.3289,-0.5398,134.35,-46.12,,False,False,True,4,67.74,False,5.16,True,False,False,True,True
CRL,2026-07-31,100,71.1,3.96,early_breakout,accumulating,0.922,232.51,210.3464,191.4326,187.3497,0.9579,0.3659,0.0251,0.1887,230.69,0.79,4.0,False,False,False,11,150.85,False,25.64,True,False,False,True,True
CLX,2026-07-31,0,32.8,3.13,weakening,stabilizing,0.926,95.53,96.4309,101.6587,104.0908,0.7411,0.0601,-0.2326,-0.421,127.16,-24.87,,True,False,True,13,87.11,False,-0.32,False,False,False,False,True
AEIS,2026-07-31,60,67.0,8.16,weakening,falling,0.728,289.52,314.671,301.3228,286.2453,0.7285,-0.2924,0.0542,0.9022,389.05,-25.58,,False,True,True,29,219.59,False,-22.33,False,False,False,False,False
AGI,2026-07-31,20,25.9,4.42,weakening,falling,1.006,27.83,32.7834,36.7008,36.5814,0.5023,-0.3306,-0.3254,-0.0366,55.33,-49.7,,False,True,True,0,27.83,False,-23.46,False,False,False,False,False
AA,2026-07-31,20,38.8,4.12,weakening,falling,0.994,45.26,53.6468,56.1113,54.2535,0.5364,-0.3139,-0.2829,0.3283,83.79,-45.98,,False,True,True,2,43.98,False,-23.81,False,False,False,False,False
CORT,2026-07-31,100,100,6.68,extended,accumulating,1.18,114.49,83.9936,68.597,67.0406,0.9368,1.19,1.792,0.5226,90.32,26.76,4.0,False,False,False,20,32.15,False,43.23,True,False,False,True,True
COKE,2026-07-31,80,65.1,3.48,base,accumulating,0.878,187.9,184.0215,176.7314,171.3048,0.8555,-0.1152,0.1561,0.4996,216.91,-13.37,,False,False,False,27,150.21,False,3.46,False,False,False,True,True
CHKP,2026-07-31,0,26.8,5.17,weakening,falling,0.943,127.13,132.3016,146.7969,154.2858,0.6035,0.0736,-0.3714,-0.4991,206.91,-38.56,,False,True,False,13,114.51,False,3.88,True,False,False,False,True
COO,2026-07-31,40,44.4,2.3,base,accumulating,0.711,72.32,69.4233,70.4729,71.072,0.8051,0.1231,-0.1909,-0.1588,84.32,-14.23,,False,False,False,11,59.61,False,9.69,True,False,False,True,True
AKAM,2026-07-31,60,65.9,4.91,weakening,falling,0.7,115.18,121.9066,113.6008,109.1329,0.6962,0.0723,0.106,0.3275,161.14,-28.52,,False,True,True,29,88.12,False,-7.83,False,False,False,False,False
CHTR,2026-07-31,20,11.7,5.57,base,accumulating,0.891,144.98,142.3754,179.9482,197.7558,0.5072,-0.1924,-0.3762,-0.6436,282.74,-48.72,,False,False,False,1,123.31,False,14.82,True,False,False,True,True
CHRW,2026-07-31,60,35.2,7.09,weakening,falling,1.263,147.73,184.2531,174.7311,168.7733,0.7024,-0.2034,-0.3218,0.0992,200.59,-26.35,2.4,False,True,False,0,147.73,False,-20.2,False,False,False,False,False
CHD,2026-07-31,100,44.3,2.68,base,accumulating,0.929,98.81,97.1221,95.5106,95.0978,0.9318,-0.0075,-0.053,-0.1281,105.26,-6.13,,False,False,False,29,85.78,False,3.29,False,False,False,True,True
AER,2026-07-31,100,57.2,3.09,base,accumulating,0.824,150.9,146.6647,141.8021,139.5127,0.9653,0.0341,-0.0292,0.2251,154.83,-2.54,,False,False,False,19,131.6,False,3.99,True,False,False,True,True
CPAY,2026-07-31,100,62.4,2.87,early_breakout,accumulating,0.795,382.11,355.8021,336.0844,332.2982,0.9662,0.2072,0.1349,0.001,364.13,4.94,2.4,True,False,True,18,284.93,False,10.63,False,False,False,True,True
CRS,2026-07-31,60,100,5.8,weakening,falling,0.94,519.66,540.953,457.4661,430.4957,0.8301,0.1736,0.5555,0.9019,616.84,-15.75,4.0,False,True,False,26,317.83,False,-11.43,False,False,False,False,False
CPRT,2026-07-31,0,16.5,3.89,weakening,accumulating,1.008,29.12,29.8937,33.745,35.3647,0.5811,-0.1613,-0.362,-0.5395,49.97,-41.73,,False,False,False,3,27.52,False,-3.71,False,False,False,True,True
CNC,2026-07-31,80,100,4.74,base,falling,0.918,62.22,61.9625,52.3788,49.4792,0.8971,0.1299,0.3567,1.2048,68.35,-8.97,2.8,False,True,False,18,32.0,False,1.93,False,False,False,False,False
CLS,2026-07-31,60,57.5,8.96,weakening,stabilizing,1.133,331.44,348.8505,332.2494,318.5748,0.6992,-0.2454,0.1,0.4765,472.4,-29.84,,True,False,True,21,249.52,False,-11.07,False,False,False,False,True
ADM,2026-07-31,60,62.2,2.84,weakening,stabilizing,0.97,79.27,80.0297,73.864,71.5147,0.8961,0.0212,0.0981,0.2812,84.11,-5.75,2.2,True,False,True,29,61.94,False,5.51,False,False,False,False,False
CRDO,2026-07-31,60,90.8,10.3,weakening,falling,0.729,206.99,220.0102,185.8753,174.8982,0.6706,0.086,0.5726,0.6737,302.52,-31.58,,False,True,True,18,95.24,False,-23.89,False,False,False,False,False
A,2026-07-31,80,56.2,2.86,base,accumulating,0.913,138.37,131.4483,127.8876,127.4567,0.8634,0.1717,-0.0458,0.0233,157.2,-11.98,,True,False,True,18,110.24,False,8.86,True,False,False,True,True
CMG,2026-07-31,20,40.6,4.48,base,accumulating,0.915,37.22,33.5796,34.9782,36.3061,0.8407,0.092,-0.122,-0.3139,44.04,-15.49,,False,False,False,8,29.34,False,14.52,False,False,False,True,True
ADSK,2026-07-31,20,30.0,4.44,base,accumulating,0.818,234.2,218.9082,238.3971,246.6352,0.7117,-0.0781,-0.1534,-0.4092,326.79,-28.33,,False,False,True,6,193.82,False,20.79,True,False,False,True,True
COHR,2026-07-31,60,83.1,10.95,weakening,falling,0.796,262.89,320.7971,288.3116,266.5448,0.5975,-0.2388,0.1594,1.2614,426.89,-38.42,,False,True,True,29,178.06,False,-32.56,False,False,False,False,False
ALAB,2026-07-31,60,100,11.58,weakening,falling,0.761,311.23,323.8072,254.4627,233.8174,0.6231,0.499,0.9868,1.0944,483.02,-35.57,,False,True,False,18,112.47,False,-25.42,False,False,False,False,False
CIEN,2026-07-31,60,100,8.25,weakening,falling,0.719,377.05,436.3484,396.7995,364.5666,0.5914,-0.3322,0.4178,2.8794,627.0,-39.86,,False,True,True,27,229.14,False,-11.99,False,False,False,False,False
COR,2026-07-31,40,40.3,2.33,base,accumulating,0.761,311.34,297.9861,307.0601,309.4352,0.8247,-0.0125,-0.2129,-0.0936,374.75,-16.92,,False,False,False,11,257.71,False,14.5,True,False,False,True,True
CRH,2026-07-31,0,26.8,3.64,weakening,falling,0.844,95.01,104.7462,109.1032,109.3976,0.7222,-0.2137,-0.3034,-0.1865,131.38,-27.68,,False,True,True,0,95.01,False,-14.63,False,False,False,False,False
CL,2026-07-31,100,45.5,2.71,base,falling,0.888,91.3,90.85,88.5736,88.1125,0.9192,0.0097,-0.0684,-0.093,99.14,-7.91,,False,False,False,29,81.48,False,2.0,False,False,False,False,True
AEM,2026-07-31,20,30.3,3.95,weakening,stabilizing,0.935,145.27,157.9777,172.9834,172.194,0.5692,-0.2452,-0.317,-0.0137,252.19,-42.4,,False,False,True,2,136.97,False,-12.87,False,False,False,False,False
CI,2026-07-31,40,42.0,3.35,weakening,falling,0.971,279.05,286.9146,284.7899,286.5019,0.8846,-0.0502,-0.0615,-0.1382,311.0,-10.27,,False,False,False,18,261.96,False,-0.12,False,False,False,False,True
CNI,2026-07-31,100,66.6,1.89,early_breakout,accumulating,1.079,127.21,121.8601,113.2238,111.0283,0.967,0.0996,0.2425,0.1794,121.56,4.65,4.0,True,False,True,26,96.22,False,12.11,False,False,False,True,True
CP,2026-07-31,100,54.1,2.33,base,stabilizing,0.893,88.89,88.8895,84.5938,83.3791,0.9461,-0.0056,0.1162,0.0267,91.26,-2.6,3.0,True,False,True,29,71.57,False,3.29,False,False,False,False,False
CMCSA,2026-07-31,0,23.0,4.31,weakening,accumulating,0.933,23.96,24.1437,26.296,27.0308,0.7293,-0.1554,-0.2742,-0.4192,32.48,-26.23,,False,False,False,1,22.3,False,6.78,True,False,False,True,True
CMI,2026-07-31,60,63.9,4.27,weakening,falling,0.867,634.2,659.4723,610.7711,584.3221,0.8596,-0.072,0.0161,0.5433,727.59,-12.84,,False,True,True,18,523.24,False,-11.57,False,False,False,False,False
ABNB,2026-07-31,100,52.9,2.84,early_breakout,accumulating,0.863,151.52,142.8335,136.6678,135.1915,0.9682,0.033,0.0916,-0.0375,148.93,1.74,0.8,True,False,True,24,121.35,False,6.36,False,False,False,True,True
ADBE,2026-07-31,20,27.3,5.4,base,accumulating,0.871,250.41,231.567,256.9592,269.7699,0.6752,-0.0378,-0.2257,-0.4818,367.46,-31.85,,False,False,True,6,195.16,False,28.27,True,False,False,True,True
ACN,2026-07-31,20,15.1,5.4,base,accumulating,0.916,165.92,155.2539,187.3597,199.5692,0.57,-0.114,-0.4502,-0.5607,288.54,-42.5,,False,False,True,6,127.98,False,29.61,True,False,False,True,True
ADP,2026-07-31,60,48.7,3.79,base,accumulating,0.862,266.46,238.6571,235.8502,241.0071,0.8452,0.2073,0.0,-0.3209,309.5,-13.91,,False,False,False,16,188.79,False,21.96,True,False,False,True,True
CRM,2026-07-31,20,28.1,4.89,base,accumulating,0.843,184.02,172.1178,190.0278,198.684,0.6838,-0.0355,-0.2127,-0.4695,266.23,-30.88,,False,False,True,6,151.78,False,21.2,True,False,False,True,True
ADI,2026-07-31,60,62.2,3.86,weakening,falling,0.804,367.41,386.6819,358.2845,343.3582,0.824,-0.1127,0.1023,0.4538,445.48,-17.52,,False,True,True,28,300.25,False,-15.47,False,False,False,False,False
ABT,2026-07-31,20,42.1,3.11,base,accumulating,0.978,105.7,96.4397,102.1669,105.741,0.7688,0.1449,-0.1125,-0.3442,136.62,-22.63,,False,False,False,12,84.32,False,19.52,True,False,False,True,True
COST,2026-07-31,20,39.1,2.1,weakening,accumulating,0.909,951.89,957.9007,967.3887,966.9747,0.8681,-0.0957,-0.0672,-0.1688,1094.32,-13.02,,False,False,True,3,916.25,False,0.01,True,False,False,True,True
ABBV,2026-07-31,100,62.9,2.79,base,falling,0.871,250.94,241.3869,227.1563,223.5811,0.9382,0.178,0.0457,0.1457,261.07,-3.88,0.8,False,False,False,14,198.71,False,15.87,True,False,False,False,True
AAPL,2026-07-31,60,65.2,3.69,weakening,falling,0.945,308.91,309.8977,286.2727,278.2487,0.8965,0.0661,0.1109,0.3064,315.2,-2.0,3.4,False,False,False,19,247.99,False,3.62,True,False,False,False,True
DAN,2026-08-03,20,50.2,3.75,weakening,stabilizing,0.813,27.63,29.1056,29.5645,28.6448,0.6984,-0.2685,-0.1814,0.5446,38.93,-29.03,,False,False,True,5,24.91,False,-12.52,False,False,False,True,False
CXW,2026-08-03,100,92.8,3.46,base,falling,0.81,30.3,28.3172,24.0411,23.222,0.9269,0.438,0.5183,0.3231,31.03,-2.35,3.6,False,False,False,24,16.74,False,-2.95,False,False,False,False,False
CXT,2026-08-03,60,45.4,3.46,base,accumulating,0.606,53.65,48.4651,48.1244,49.0455,0.7775,0.1402,-0.0579,-0.2823,68.91,-22.14,,True,False,True,9,36.13,False,12.46,True,False,True,True,True
CRSP,2026-07-31,0,28.7,4.13,weakening,falling,0.984,47.99,51.3871,52.8386,53.2097,0.6115,-0.1362,-0.1581,-0.3691,76.78,-37.5,,False,True,True,18,45.75,False,-16.42,False,False,False,False,False
DAVE,2026-08-04,100,100,6.12,early_breakout,accumulating,0.767,429.26,356.3785,286.8822,274.3497,0.9367,0.5614,1.4064,0.5264,396.0,8.4,3.6,False,False,False,27,163.69,False,29.85,False,False,False,True,True
CVLT,2026-08-03,40,50.0,6.44,weakening,falling,0.911,124.93,129.8599,121.6402,124.236,0.6304,0.1611,0.3116,-0.527,195.41,-36.07,,False,True,False,19,76.08,False,-6.0,False,False,False,False,False
CWST,2026-08-03,20,33.5,3.5,base,falling,1.023,91.99,90.9418,91.255,92.5487,0.8518,-0.001,-0.2202,-0.3288,107.34,-14.3,,False,True,False,19,74.97,False,3.61,True,False,False,True,False
DFTX,2026-08-04,80,100,5.46,base,stabilizing,0.637,42.32,37.5004,27.1385,24.3255,0.8602,0.8236,1.2456,3.2993,47.04,-10.03,3.8,False,False,False,29,15.05,False,11.82,False,False,True,False,True
CZR,2026-08-03,100,58.6,0.89,base,stabilizing,0.548,29.73,29.3525,27.5412,27.1839,0.9628,0.0189,0.3253,-0.0644,30.41,-2.24,,False,False,False,25,18.14,False,-3.64,False,False,True,False,False
CRUS,2026-07-31,40,37.0,3.79,weakening,falling,1.046,129.35,147.7481,145.8456,142.3052,0.7169,-0.2781,-0.1262,0.0623,178.9,-27.7,,False,True,True,29,121.76,False,-26.89,False,False,False,False,False
DBX,2026-08-04,100,71.5,4.12,early_breakout,accumulating,0.918,34.51,29.0277,27.4581,27.3568,0.9991,0.2924,0.2557,0.0714,32.17,7.27,1.0,False,False,False,17,22.06,False,24.79,True,False,False,True,True
DAR,2026-08-03,100,69.1,3.57,base,falling,0.956,59.76,59.4389,54.5405,52.1736,0.9052,-0.1375,0.1435,0.6757,64.84,-7.83,,False,False,False,29,39.57,False,7.14,False,False,False,False,False
CYTK,2026-08-03,60,81.2,3.7,weakening,falling,0.753,76.45,78.3157,70.5931,67.3016,0.8657,0.0917,0.0546,0.8616,87.26,-12.39,,False,True,True,21,60.06,False,-8.58,False,False,False,False,False
DCI,2026-08-04,80,52.2,2.63,base,accumulating,0.897,98.14,89.7796,88.5077,87.5792,0.8697,0.0717,-0.1696,0.1477,110.57,-11.24,,False,False,False,10,81.87,False,10.8,True,False,False,True,True
DECK,2026-08-04,20,32.6,3.93,weakening,falling,1.015,99.87,103.6319,104.2305,104.2021,0.7961,-0.0522,-0.2375,-0.2721,123.91,-19.4,,False,False,False,12,93.56,False,-8.77,False,False,False,False,False
CSL,2026-07-31,20,39.6,4.99,base,falling,1.214,359.92,347.3646,351.0268,353.3529,0.8314,-0.0576,-0.0628,-0.2074,418.74,-14.05,,False,True,False,18,325.58,False,-5.43,False,False,False,True,True
DD,2026-08-04,100,55.7,3.35,base,falling,1.132,142.93,139.2836,135.0727,131.3824,0.9047,-0.0981,-0.0669,0.3892,154.59,-7.54,,False,True,True,20,127.32,False,-3.06,False,False,False,True,True
CTSH,2026-07-31,20,22.8,5.5,base,accumulating,0.874,55.35,48.1378,56.7999,59.859,0.636,-0.01,-0.4441,-0.4507,86.7,-36.16,,False,False,True,5,40.03,False,21.51,True,False,False,True,True
DGX,2026-08-04,100,64.7,2.7,early_breakout,accumulating,1.191,233.72,212.0697,200.2884,197.0377,0.9733,0.159,0.1436,0.1333,216.02,8.19,1.8,False,False,False,28,181.02,False,13.39,True,False,False,True,True
DG,2026-08-04,40,40.9,3.31,base,accumulating,0.702,127.26,119.4661,120.4809,120.5204,0.8043,0.0219,-0.259,-0.075,156.24,-18.55,,True,False,True,12,102.38,False,5.92,False,False,False,True,True
CRWV,2026-07-31,0,3.2,10.81,weakening,falling,0.871,71.77,88.5654,96.8977,100.4101,0.4685,-0.4627,-0.3485,-0.5932,148.75,-51.75,,False,True,True,0,71.77,False,-44.3,False,False,False,False,False
DEO,2026-08-04,40,36.0,2.44,base,accumulating,0.876,87.83,83.5646,85.0127,86.6564,0.7545,0.0275,-0.1753,-0.3274,115.33,-23.84,,False,False,False,18,73.32,False,1.65,True,False,False,True,True
CTVA,2026-08-03,60,37.6,3.97,weakening,falling,0.984,76.04,83.3102,79.3117,78.1499,0.8359,-0.1349,-0.0798,-0.1536,86.39,-11.98,4.0,False,True,False,29,69.64,False,-8.72,False,False,False,False,False
DAL,2026-08-03,100,84.1,3.21,base,accumulating,0.929,91.59,83.9897,75.4679,72.6681,0.9573,0.2714,0.2072,0.5686,93.66,-2.21,,True,False,True,21,58.78,False,1.45,False,False,False,True,True
CVNA,2026-08-03,0,23.6,6.8,weakening,falling,0.999,66.13,66.7414,69.8093,70.4934,0.6791,-0.1876,-0.308,-0.323,95.69,-30.89,,False,True,True,20,56.26,False,-5.96,False,False,False,True,False
CTAS,2026-07-31,80,45.1,3.1,base,accumulating,1.125,204.63,188.0816,185.8188,187.8816,0.9024,0.1408,-0.0495,-0.3026,226.27,-9.56,,False,False,False,18,165.71,False,14.63,True,False,False,True,True
DASH,2026-08-03,20,36.8,4.13,base,accumulating,0.752,200.5,180.2931,184.6988,190.8178,0.7023,0.0961,-0.1532,-0.4147,281.74,-28.84,,False,False,False,19,146.6,False,11.37,True,False,False,True,True
CSX,2026-07-31,100,64.4,2.5,early_breakout,accumulating,1.046,50.4,48.3535,44.08,42.6499,0.9403,0.0521,0.2161,0.1961,48.89,3.09,3.4,False,False,False,29,35.2,False,5.31,False,False,False,True,True
DDOG,2026-08-04,100,100,4.77,early_breakout,accumulating,0.799,288.15,240.6035,194.8921,184.726,0.994,0.9116,1.2894,0.849,277.49,3.84,0.2,False,False,False,17,105.37,False,25.49,False,False,False,True,True
CVS,2026-08-03,100,81.1,2.28,early_breakout,falling,0.92,105.37,101.1346,90.1678,87.0758,0.952,0.2191,0.2785,0.4647,104.81,0.53,3.2,False,False,False,19,70.08,False,-1.13,False,False,False,False,False
DE,2026-08-04,100,50.3,3.22,base,falling,0.807,617.37,596.8426,571.5688,561.7082,0.9157,0.0065,0.0142,-0.0129,662.49,-6.81,,False,False,False,29,514.4,False,-0.85,False,False,False,True,False
CRWD,2026-07-31,80,100,4.78,base,stabilizing,0.692,190.86,176.3787,148.0454,141.9554,0.8775,0.6098,0.6109,0.4574,195.54,-2.39,4.0,False,False,False,18,92.4,False,6.33,False,False,True,True,False
DELL,2026-08-04,100,100,8.15,early_breakout,accumulating,0.737,467.27,385.5377,284.6394,257.0134,0.9798,1.0944,2.87,2.366,465.96,0.28,0.2,False,False,False,27,114.44,False,4.09,False,False,False,True,True
CSCO,2026-07-31,80,83.2,3.08,base,stabilizing,0.802,115.99,112.6647,99.066,94.5519,0.8897,0.1971,0.3623,0.4817,130.0,-10.78,,True,False,True,29,73.88,False,-8.12,False,False,False,True,False
DHI,2026-08-04,60,37.4,3.2,base,falling,1.106,150.37,149.7778,149.7564,149.3234,0.8148,-0.0224,-0.1443,-0.2448,184.04,-18.29,,False,False,False,20,133.12,False,-8.64,False,False,False,True,False
DHR,2026-08-04,20,38.8,3.8,base,accumulating,1.288,194.78,190.8169,194.3326,196.3205,0.8022,0.0664,-0.2226,-0.2394,242.05,-19.53,,False,False,False,12,161.91,False,3.85,True,False,False,True,True
DIOD,2026-08-04,60,67.9,7.23,weakening,falling,0.718,88.29,94.2597,85.5007,81.0002,0.7008,-0.2642,0.3905,0.5592,122.76,-28.08,,False,True,True,28,56.47,False,-26.21,False,False,False,False,False
DIS,2026-08-04,0,29.6,2.25,weakening,accumulating,1.081,98.18,98.6333,102.6455,104.4742,0.8197,-0.0719,-0.1798,-0.4032,119.35,-17.74,,True,False,True,19,92.42,False,-10.15,False,False,False,True,True
DKNG,2026-08-04,0,18.9,3.93,weakening,stabilizing,0.906,23.61,24.8937,26.837,28.1534,0.484,-0.0722,-0.2395,-0.7018,48.23,-51.05,,True,False,True,19,20.72,False,-11.11,False,False,False,False,False
DKS,2026-08-05,20,29.8,3.17,weakening,falling,0.956,200.32,214.391,214.5611,214.1051,0.8197,-0.1646,-0.1703,-0.2819,239.17,-16.24,,False,True,True,19,189.36,False,-20.44,False,False,False,False,False
DLB,2026-08-05,20,33.8,3.44,base,accumulating,0.985,61.36,53.7631,58.236,60.0699,0.811,0.0093,-0.1702,-0.3805,75.62,-18.86,,False,False,False,3,49.07,False,11.58,True,False,False,True,True
DLTR,2026-08-05,100,56.1,3.14,base,accumulating,0.685,128.76,119.5066,113.9175,112.9343,0.9042,0.2852,-0.0649,-0.1126,141.21,-8.82,,True,False,True,12,89.58,False,2.9,False,False,True,True,True
DNLI,2026-08-05,80,71.2,4.21,base,falling,0.917,24.42,23.1623,21.0003,20.2304,0.8945,0.1475,0.0257,0.483,26.69,-8.51,4.0,False,False,False,29,17.99,False,-6.6,False,False,False,True,False
DNTH,2026-08-05,100,100,5.21,watch,accumulating,0.911,112.5,96.6348,79.3456,72.4388,0.9821,0.1952,1.2156,4.0708,98.07,14.71,4.0,False,False,False,29,44.1,False,18.91,False,False,False,True,True
DOCN,2026-08-05,60,100,10.19,weakening,stabilizing,1.056,124.46,132.7455,109.8642,99.3439,0.6638,-0.2759,1.0514,2.3496,181.29,-31.35,,True,False,True,29,52.76,False,-21.22,False,False,False,False,False
DOCS,2026-08-05,0,0.9,3.86,weakening,accumulating,0.683,21.63,21.6757,28.147,31.8292,0.2827,-0.207,-0.5082,-0.8525,75.12,-71.21,,False,False,False,12,18.97,False,-1.14,False,False,True,True,True
DOCU,2026-08-05,40,47.3,4.95,base,accumulating,0.81,57.49,50.1736,52.2837,54.5756,0.6635,0.1865,0.1079,-0.4473,85.01,-32.37,,False,False,False,17,42.89,False,24.97,True,False,False,True,True
A,2026-08-06,80,55.3,2.56,base,accumulating,0.873,141.34,132.7713,128.5361,127.9631,0.8819,0.1407,-0.044,0.0337,157.2,-10.09,,True,False,True,19,110.24,False,-0.36,False,False,False,True,True
AA,2026-08-06,20,41.3,3.78,weakening,stabilizing,0.926,47.48,52.6275,55.6238,53.9581,0.5627,-0.2926,-0.2921,0.3922,83.79,-43.33,,False,False,True,3,43.98,False,-15.22,False,False,False,True,False
AAOI,2026-08-06,60,100,12.51,weakening,accumulating,0.849,124.22,127.1322,113.7097,102.8586,0.5316,-0.2621,2.1236,4.1328,223.1,-44.32,,True,False,True,28,35.72,False,-15.0,False,False,False,True,True
AAON,2026-08-06,40,27.8,6.26,weakening,stabilizing,1.028,90.28,109.1058,105.5028,102.3724,0.6,-0.3521,-0.1623,-0.1066,148.25,-39.1,,True,False,True,20,80.01,False,-36.92,False,False,False,False,False
AAP,2026-08-06,80,39.6,4.5,base,accumulating,0.787,57.92,56.7028,55.0686,54.5984,0.8882,-0.0385,-0.0399,-0.2561,64.17,-9.74,,False,False,False,29,43.2,False,-6.83,False,False,False,True,True
AAPL,2026-08-06,100,58.9,3.13,base,falling,0.981,312.41,309.7937,287.4583,279.4579,0.9067,0.0363,-0.0019,0.2504,316.22,-1.2,3.8,False,False,False,20,247.99,False,8.88,True,False,False,False,False
ABBV,2026-08-06,100,56.3,2.97,base,falling,0.834,243.87,241.8821,228.0696,224.4108,0.9118,0.1525,-0.0207,0.0278,261.07,-6.59,1.6,False,True,False,15,198.71,False,-4.37,False,False,False,False,False
ABM,2026-08-06,100,46.8,2.46,base,accumulating,0.748,48.55,45.5201,43.7486,43.7216,0.9687,0.1406,-0.1039,-0.1901,49.66,-2.24,,True,False,True,20,37.39,False,3.63,False,False,False,True,True
ABNB,2026-08-06,100,53.1,2.88,early_breakout,accumulating,0.971,151.64,144.0708,137.4216,135.8184,0.9689,0.029,0.1162,-0.0526,148.93,1.82,1.6,True,False,True,25,121.35,False,2.21,False,False,False,True,True
ABT,2026-08-06,40,41.6,2.79,base,accumulating,0.965,107.96,97.9388,102.3955,105.7734,0.7852,0.1902,-0.1445,-0.39,136.62,-20.98,,False,False,False,13,84.32,False,11.12,True,False,False,True,True
ACA,2026-08-06,100,70.1,0.45,base,accumulating,1.097,144.89,139.2013,125.5432,121.0289,0.9862,0.0811,0.0649,0.496,145.38,-0.34,,True,False,True,20,100.68,False,-4.71,False,False,False,True,True
ACAD,2026-08-06,100,60.2,3.79,early_breakout,accumulating,1.037,28.45,24.7608,23.7094,23.5985,0.9651,0.2105,0.0785,-0.0192,28.06,1.39,0.4,False,False,False,21,20.61,False,15.28,True,False,False,True,True
ACHC,2026-08-06,80,100,6.21,base,falling,1.026,30.72,29.4645,25.4968,24.5021,0.8574,0.2054,1.1532,0.4921,31.92,-3.76,3.4,False,False,False,29,11.68,False,12.41,False,False,False,False,True
ACIW,2026-08-06,100,64.9,4.84,base,falling,1.077,55.22,52.3792,47.7238,47.1189,0.9041,0.1332,0.2239,0.0955,56.4,-2.09,4.0,False,True,False,20,39.44,False,13.68,True,False,False,False,True
ACLS,2026-08-06,60,76.4,7.88,weakening,stabilizing,0.779,136.66,142.8085,127.3313,120.0187,0.7052,-0.1892,0.5428,0.5902,191.6,-28.67,,True,False,True,24,80.16,False,-29.04,False,False,False,False,False
ACM,2026-08-06,20,16.0,2.81,base,accumulating,0.718,74.93,72.2427,82.5621,86.9316,0.5529,-0.1308,-0.3747,-0.584,134.35,-44.23,,False,False,True,5,67.74,False,2.16,True,False,False,True,True
ACMR,2026-08-06,60,100,9.5,deep_base_watch,stabilizing,0.613,78.98,84.578,69.3781,63.8158,0.621,0.2836,0.3179,1.932,126.89,-37.76,,True,False,True,19,40.07,False,-30.76,False,False,True,False,False
ACN,2026-08-06,20,18.2,5.36,base,accumulating,0.881,171.11,157.3736,186.4339,198.3912,0.5878,-0.1009,-0.4017,-0.5233,288.54,-40.7,,False,False,True,7,127.98,False,31.33,True,False,False,True,True
ADBE,2026-08-06,20,29.7,4.57,base,accumulating,0.83,260.24,235.3632,256.9688,269.2744,0.7017,-0.036,-0.1682,-0.4616,367.46,-29.18,,False,False,False,7,195.16,False,29.89,True,False,False,True,True
ADEA,2026-08-06,80,89.5,8.55,base,accumulating,0.681,28.31,28.2237,25.5032,24.0777,0.8244,-0.0181,0.5013,0.8398,33.63,-15.82,,True,False,True,27,18.09,False,-11.48,False,False,True,True,True
ADI,2026-08-06,60,60.9,3.69,weakening,stabilizing,0.808,377.31,384.8816,359.1196,344.5733,0.8462,-0.1269,0.0371,0.4951,445.48,-15.3,,True,False,True,29,300.25,False,-14.38,False,False,False,False,False
DOV,2026-08-05,40,38.9,2.66,weakening,falling,1.172,210.4,212.4627,210.2876,207.655,0.8857,-0.1244,-0.1779,-0.0271,233.31,-9.82,,False,False,False,27,201.49,False,-10.87,False,False,False,True,False
DOW,2026-08-05,20,35.6,4.28,weakening,stabilizing,0.879,29.67,31.257,31.7799,31.2369,0.6942,-0.2799,-0.2185,0.1112,41.87,-29.14,,True,False,True,27,27.55,False,-3.68,False,False,False,False,True
DOX,2026-08-05,0,14.4,3.64,weakening,accumulating,0.904,55.29,55.5486,63.5004,66.664,0.6124,-0.1861,-0.3774,-0.5625,89.41,-38.16,,False,False,True,7,51.47,False,2.38,True,False,False,True,True
DPZ,2026-08-05,20,34.7,3.56,base,accumulating,1.113,366.61,329.0621,352.431,364.1823,0.7817,0.0787,-0.2216,-0.3947,467.3,-21.55,,False,False,False,6,298.18,False,22.8,True,False,False,True,True
DRI,2026-08-06,80,41.2,2.59,base,accumulating,1.004,210.94,202.9063,201.2287,201.2543,0.956,0.0303,-0.1465,-0.1864,218.66,-3.53,,True,False,True,17,192.39,False,-5.52,False,False,False,True,True
DRS,2026-08-06,80,50.6,4.47,base,stabilizing,0.889,45.3,45.2285,43.8375,43.5689,0.8954,0.0426,0.0812,-0.118,49.69,-8.83,,True,False,True,25,38.13,False,-2.55,False,False,False,False,False
DSGX,2026-08-06,20,36.8,4.34,base,accumulating,0.894,77.78,72.7632,75.3201,77.6296,0.7136,0.0094,0.0115,-0.4651,107.79,-27.84,,False,False,False,17,63.08,False,12.46,True,False,False,True,True
DT,2026-08-06,80,58.8,5.02,base,accumulating,0.845,48.87,43.175,42.0518,42.7475,0.9171,0.16,0.3259,-0.2474,50.95,-4.08,,False,False,False,17,32.36,False,16.66,True,False,False,True,True
DUOL,2026-08-06,0,23.5,7.82,weakening,falling,0.879,122.58,125.3232,141.1835,159.3079,0.2619,0.0284,-0.0621,-0.8578,390.84,-68.64,,False,True,True,17,90.03,False,-2.46,False,False,False,False,True
DVA,2026-08-06,60,53.1,6.63,weakening,falling,1.081,180.67,215.8633,183.4936,174.6604,0.73,-0.13,0.0766,0.199,235.71,-23.35,3.0,False,True,False,29,104.74,False,-19.99,False,False,False,False,False
DXCM,2026-08-06,80,60.3,3.93,early_breakout,accumulating,0.885,83.02,74.1167,70.8761,71.0215,0.945,0.3124,0.0537,-0.1279,82.26,0.92,1.0,False,False,False,13,60.61,False,16.27,False,False,False,True,True
DY,2026-08-06,60,51.1,5.93,weakening,stabilizing,0.782,399.57,428.9809,404.6841,389.5444,0.7054,-0.1134,-0.0722,0.2604,535.2,-25.34,,True,False,True,20,336.38,False,-23.72,False,False,False,False,False
DYN,2026-08-06,100,100,5.17,early_breakout,accumulating,1.212,25.88,22.5146,19.643,18.6924,0.9553,0.4249,0.4295,1.0184,24.29,6.55,2.0,False,False,False,22,14.86,False,20.9,True,False,False,True,True
A,2026-08-07,100,60.5,2.64,base,accumulating,0.86,145.97,133.2889,128.767,128.1423,0.9108,0.2142,0.0068,0.0576,157.2,-7.14,,True,False,True,19,110.24,False,1.25,True,False,False,True,True
AA,2026-08-07,20,45.0,3.83,weakening,accumulating,0.933,50.17,52.5311,55.5515,53.9204,0.5946,-0.2542,-0.2716,0.4437,83.79,-40.12,,False,False,True,3,43.98,False,-13.34,False,False,False,True,True
AAOI,2026-08-07,80,100,12.4,base,accumulating,0.913,135.63,127.4655,114.0001,103.1847,0.5804,-0.1377,1.942,4.8509,223.1,-39.21,,True,False,True,28,35.72,False,-6.12,False,False,False,True,True
AAUC,2026-07-31,20,22.6,7.14,weakening,falling,1.254,18.23,23.4541,25.0856,24.4538,0.5661,-0.4227,-0.54,0.1912,32.01,-43.05,,False,True,False,0,18.23,False,-34.97,False,False,False,False,False
AMLX,2026-08-07,100,100,7.06,extended,accumulating,1.237,22.82,18.1028,15.802,15.0429,0.9276,0.5009,0.5127,1.6877,18.7,22.03,2.0,False,False,False,12,13.28,False,22.2,False,False,False,True,True
ATKR,2026-08-07,100,80.9,3.47,early_breakout,accumulating,1.749,93.71,77.8885,72.8683,71.3371,0.9987,0.2131,0.2641,0.4811,85.41,9.72,1.0,False,False,False,20,56.12,False,14.33,False,False,False,True,True
BLBD,2026-08-07,60,50.8,5.73,weakening,falling,1.039,68.76,73.7691,66.1169,63.185,0.8246,-0.0801,0.0416,0.0914,79.6,-13.62,3.0,False,True,False,29,49.03,False,-18.82,False,False,False,False,False
BLKB,2026-08-07,40,37.2,5.8,base,accumulating,0.902,45.87,35.1475,40.0541,42.89,0.6487,0.1749,-0.1536,-0.5049,70.17,-34.63,,False,False,False,7,27.04,False,50.86,True,False,False,True,True
CAI,2026-08-07,20,49.0,6.1,base,accumulating,1.307,22.74,17.2387,19.5747,20.7314,0.5351,0.3597,-0.086,-0.4276,39.3,-42.14,,True,False,True,12,14.55,False,16.85,True,False,False,True,True
CGAU,2026-08-07,100,100,4.84,early_breakout,accumulating,1.016,21.24,17.0454,16.3449,15.6504,0.9888,0.1067,0.106,1.5939,21.03,1.0,0.2,False,False,True,3,15.09,False,25.12,False,False,False,True,True
EAT,2026-08-06,100,85.2,3.81,extended,accumulating,1.027,227.27,181.8043,162.2416,159.6736,0.9882,0.5051,0.2951,0.2055,180.63,25.82,4.0,False,False,False,19,133.67,False,24.99,False,False,False,True,True
EBAY,2026-08-06,80,53.1,3.85,weakening,falling,1.005,110.14,110.6218,102.9126,99.9853,0.9231,-0.0134,0.1533,-0.0328,118.96,-7.41,,False,True,False,25,82.38,False,-4.09,False,False,False,False,False
ECG,2026-08-06,80,77.4,6.99,base,accumulating,0.963,139.53,138.3065,127.6947,121.1903,0.8132,-0.1676,0.4488,0.6865,169.16,-17.52,,True,False,True,27,88.49,False,-20.76,False,False,False,True,True
ECHO,2026-08-06,20,87.3,5.51,weakening,stabilizing,0.632,87.03,99.8837,103.5683,99.4336,0.591,-0.3386,-0.3064,2.0015,141.8,-38.62,,False,False,True,1,84.09,False,-16.53,False,False,True,False,False
ECL,2026-08-06,100,43.2,2.34,base,accumulating,0.773,283.46,272.5923,270.8089,270.7955,0.9165,0.0566,-0.1326,-0.1685,308.35,-8.07,,True,False,True,12,247.62,False,-5.27,False,False,False,True,True
EDU,2026-08-06,40,42.4,4.02,base,accumulating,1.414,56.83,51.0409,51.9759,52.2679,0.8747,-0.04,-0.2056,0.0071,63.51,-10.52,,False,False,False,7,45.02,False,21.81,True,False,False,True,True
EEFT,2026-08-06,20,32.9,4.75,weakening,falling,0.985,73.07,74.5233,74.5263,76.3147,0.7417,-0.0275,-0.1025,-0.4323,98.32,-25.68,,False,True,False,18,64.05,False,2.89,True,False,False,False,False
EFX,2026-08-06,20,27.4,4.25,base,accumulating,1.022,175.79,172.0002,183.8227,191.121,0.6467,-0.0473,-0.1993,-0.4923,262.33,-32.99,,False,False,False,7,153.93,False,9.63,True,False,False,True,True
EGO,2026-08-06,60,56.5,6.0,base,accumulating,0.9,35.93,31.9226,32.7013,32.207,0.7023,0.0355,-0.1483,0.319,49.71,-27.72,,False,False,True,3,27.95,False,12.0,False,False,False,True,True
EHC,2026-08-07,80,52.9,3.6,base,accumulating,0.957,125.23,109.3272,107.589,108.2797,0.9784,0.132,0.0686,-0.1482,127.18,-1.53,,False,False,False,27,94.53,False,17.51,True,False,False,True,True
EL,2026-08-07,20,34.5,3.17,base,accumulating,0.673,88.35,83.8145,86.8299,87.8162,0.7264,-0.0234,-0.2315,-0.2545,119.61,-26.13,,True,False,True,19,67.23,False,3.62,True,False,True,True,True
ELAN,2026-08-07,60,41.8,6.59,weakening,falling,1.123,22.12,24.6486,23.5251,22.9057,0.7906,-0.113,-0.2419,0.1192,26.84,-17.59,,False,True,True,12,19.86,False,-16.04,False,False,False,False,False
ELF,2026-08-07,40,68.1,5.65,base,accumulating,0.746,98.49,74.919,75.8813,79.5382,0.6523,0.57,0.0801,-0.2373,146.67,-32.85,,False,False,False,9,49.57,False,39.99,True,False,False,True,True
ELV,2026-08-07,100,56.1,2.94,base,accumulating,0.916,394.2,387.5839,366.8308,360.9759,0.9036,-0.0057,0.0432,0.1675,424.43,-7.12,4.0,False,False,False,19,286.39,False,-6.32,False,False,False,True,True
ELVN,2026-08-07,100,100,5.18,watch,accumulating,0.694,60.46,50.2286,40.5127,37.4686,0.9702,0.4354,0.9354,2.1546,52.18,15.87,3.6,True,False,True,28,25.78,False,14.65,False,False,True,True,True
EMBJ,2026-08-07,100,55.0,2.77,base,accumulating,0.818,73.01,65.2629,63.8474,63.5454,0.9041,0.1663,-0.0912,0.0369,79.89,-8.61,,True,False,True,20,54.6,False,8.45,True,False,False,True,True
EME,2026-08-07,80,45.0,4.53,base,accumulating,1.14,816.9,795.0961,773.6986,753.9595,0.8581,-0.162,-0.0509,0.0999,943.75,-13.44,,False,False,False,28,694.21,False,-3.72,False,False,False,True,True
EMN,2026-08-07,40,42.4,2.89,base,accumulating,1.046,73.64,70.6052,70.9107,71.0252,0.8822,-0.0485,-0.1686,-0.0211,81.36,-9.49,,True,False,True,20,65.33,False,-1.93,False,False,False,True,True
EMR,2026-08-07,100,48.5,3.42,base,accumulating,1.07,158.26,145.0554,141.7327,141.0766,0.9583,0.0716,-0.1141,-0.0316,161.69,-2.12,0.6,False,False,False,19,125.4,False,4.22,False,False,False,True,True
ENPH,2026-08-07,40,48.5,6.45,deep_base_watch,accumulating,0.654,41.87,43.4769,42.8501,42.2,0.5678,0.1004,-0.2789,0.0941,72.33,-42.11,,True,False,True,17,31.18,False,-18.07,False,False,True,True,True
ENS,2026-08-07,60,65.7,4.42,weakening,stabilizing,0.781,191.72,202.8135,190.4322,180.878,0.7848,-0.2141,-0.0064,0.8163,243.34,-21.21,,True,False,True,22,155.14,False,-19.67,False,False,False,False,False
ENSG,2026-08-07,60,42.7,2.51,base,accumulating,0.567,182.97,172.9661,176.9211,176.3973,0.8393,0.0189,-0.1946,-0.0742,215.83,-15.22,,True,False,True,8,149.37,False,6.14,True,False,True,True,True
ENTG,2026-08-07,80,78.0,6.92,base,accumulating,0.903,152.08,139.6203,130.4438,125.1873,0.8135,-0.0284,0.1231,0.8481,184.0,-17.35,,True,False,True,21,108.28,False,-11.86,False,False,False,True,True
EPAM,2026-08-07,20,11.2,7.91,base,accumulating,0.88,97.43,96.9006,120.2704,129.0309,0.4378,-0.0665,-0.5978,-0.6054,221.4,-55.99,,False,False,False,7,76.64,False,14.69,True,False,False,True,True
ERO,2026-08-07,80,94.4,5.05,base,accumulating,0.814,34.31,27.4642,26.9078,26.0915,0.8621,0.1564,0.0012,1.2686,38.03,-9.78,,True,False,True,20,23.59,False,23.06,False,False,False,True,True
ESAB,2026-08-07,20,18.5,5.0,base,accumulating,0.858,91.86,91.7281,99.8338,102.896,0.6685,-0.1383,-0.4344,-0.4302,134.82,-31.86,,False,False,True,2,84.44,False,-14.77,False,False,False,True,True
ESI,2026-08-07,60,58.3,4.32,weakening,stabilizing,1.092,37.88,39.67,37.0562,35.555,0.7691,-0.1854,0.1455,0.3773,49.09,-22.84,,True,False,True,28,28.69,False,-23.11,False,False,False,False,False
ESTA,2026-08-07,60,79.3,6.91,weakening,falling,0.858,77.42,85.4413,75.0937,71.5852,0.7933,0.0304,0.0058,0.9299,91.56,-15.44,3.4,False,True,True,19,55.31,False,-18.47,False,False,False,False,False
ESTC,2026-08-07,40,62.9,4.78,base,accumulating,0.848,75.11,61.5512,61.9007,63.9977,0.7819,0.3892,0.1508,-0.2395,94.47,-20.49,,True,False,True,17,43.3,False,27.48,True,False,False,True,True
ETN,2026-08-07,100,55.9,4.14,early_breakout,accumulating,1.014,448.68,409.2783,391.6834,386.2273,0.9801,0.0692,0.0806,0.0228,435.78,2.96,1.0,False,False,False,28,331.22,False,5.35,False,False,False,True,True
ETSY,2026-08-07,100,77.8,4.4,early_breakout,accumulating,1.002,85.55,77.3495,67.7541,65.6588,0.9725,0.2805,0.3599,0.1913,81.05,5.55,3.8,False,False,False,25,45.73,False,3.55,False,False,False,True,True
EW,2026-08-07,100,51.4,2.49,base,accumulating,1.021,89.72,87.1331,84.7597,83.9432,0.9318,0.0737,0.0202,-0.0717,95.18,-5.74,,False,False,False,25,75.87,False,-7.24,False,False,False,True,True
EWTX,2026-08-07,80,100,5.9,base,falling,0.809,43.52,39.3288,33.6116,31.3752,0.8992,0.1838,0.3759,2.1376,48.35,-9.99,,False,True,False,29,27.39,False,-1.1,False,False,False,True,True
EXEL,2026-08-07,100,63.0,4.07,base,falling,0.994,54.07,53.6019,49.108,47.8993,0.9392,0.0744,0.112,0.2231,57.1,-5.31,,False,True,False,21,41.24,False,-7.35,False,False,False,False,False
EXLS,2026-08-07,40,40.6,4.28,base,accumulating,0.99,34.89,29.9897,31.9282,33.2618,0.774,0.0743,-0.019,-0.3935,44.98,-22.43,,False,False,False,7,25.93,False,28.12,True,False,False,True,True
EXPD,2026-08-07,100,61.3,3.1,early_breakout,accumulating,1.088,178.71,168.792,157.1028,152.9108,0.9519,0.0922,-0.0368,0.2906,172.02,3.89,4.0,False,False,False,19,141.22,False,5.11,False,False,False,True,True
EXPE,2026-08-07,100,80.9,4.62,early_breakout,accumulating,1.027,310.68,268.2183,249.6399,244.1826,0.9377,0.3026,0.1921,0.433,301.31,3.11,1.6,False,False,False,24,203.48,False,12.15,False,False,False,True,True
EXPO,2026-08-07,40,34.5,3.24,base,accumulating,0.932,66.79,62.6647,64.6054,65.691,0.815,0.0391,-0.2826,-0.2859,79.79,-16.29,,False,False,False,12,53.79,False,3.73,True,False,False,True,True
EXTR,2026-08-07,60,60.9,8.14,weakening,falling,0.875,23.97,28.5825,24.0559,22.8832,0.7106,-0.0512,0.4532,-0.0209,33.71,-28.89,,False,True,False,23,13.98,False,-30.55,False,False,False,False,False
FA,2026-08-07,100,99.4,5.71,watch,accumulating,1.156,24.01,19.0309,16.245,15.8869,0.9547,0.4561,0.8912,0.149,20.53,16.95,4.0,False,False,False,25,9.49,False,28.66,False,False,False,True,True
FAST,2026-08-07,100,50.1,2.65,early_breakout,accumulating,1.18,51.84,46.9616,45.7234,45.4388,0.9988,0.1253,-0.0336,-0.1312,50.39,2.88,0.4,False,False,False,12,43.26,False,3.99,False,False,False,True,True
FBIN,2026-08-07,60,42.8,4.39,base,accumulating,0.898,50.78,47.8761,46.9512,47.6171,0.7832,0.2887,-0.2986,-0.3266,64.44,-21.2,,False,False,False,12,34.37,False,4.41,True,False,False,True,True
FCX,2026-08-07,100,68.6,4.05,base,accumulating,0.999,69.62,63.4721,60.4267,58.6872,0.9633,0.081,0.0279,0.4833,71.72,-2.93,,True,False,True,20,52.09,False,5.41,False,False,False,True,True
FDX,2026-08-07,100,62.4,2.09,base,accumulating,0.766,318.57,315.0609,296.9151,286.0036,0.9224,-0.021,-0.0663,0.5082,338.75,-5.96,,True,False,True,28,249.17,False,-6.06,False,False,False,True,True
FER,2026-08-07,40,41.5,1.76,base,accumulating,0.985,66.51,65.9062,66.0464,65.2588,0.8893,-0.1038,-0.1859,0.04,74.38,-10.58,,True,False,True,20,61.64,False,-8.78,False,False,False,True,True
FERG,2026-08-07,80,43.9,3.1,base,accumulating,1.803,256.69,236.3976,237.4704,237.169,0.945,0.0153,-0.1428,-0.081,267.71,-4.12,,True,False,True,20,217.56,False,1.5,True,False,False,True,True
FFIV,2026-08-07,100,64.3,3.92,base,falling,1.066,400.23,395.0676,352.2848,340.8441,0.9201,0.0822,0.3275,0.0386,430.39,-7.01,3.8,False,False,False,28,259.26,False,-4.63,False,False,False,False,True
FIS,2026-08-07,20,20.1,4.47,base,falling,1.01,42.77,42.5874,47.9693,50.9848,0.5866,-0.0649,-0.2961,-0.6126,72.77,-41.23,,False,True,False,7,38.21,False,4.82,True,False,False,False,True
FISV,2026-08-07,0,13.6,4.67,weakening,stabilizing,0.978,52.41,52.999,62.7003,70.134,0.3732,-0.1037,-0.2462,-0.8281,140.0,-62.56,,False,False,True,7,47.86,False,-0.09,False,False,False,False,True
FIVE,2026-08-07,100,73.0,3.57,base,accumulating,0.834,244.37,206.7377,201.5956,196.2126,0.9711,0.0469,0.0864,0.6184,247.71,-1.35,,False,False,True,5,182.43,False,23.66,False,False,False,True,True
FIVN,2026-08-07,100,99.3,6.83,extended,accumulating,1.118,33.99,24.5325,21.9493,21.9167,0.9968,0.4897,0.8704,0.121,27.57,23.29,1.4,False,False,False,17,13.61,False,53.35,False,False,False,True,True
FIX,2026-08-07,60,87.0,6.61,weakening,falling,1.05,1694.55,1762.1053,1574.6387,1468.5441,0.817,-0.1804,0.2577,1.2172,2066.51,-18.0,,False,False,False,29,1119.98,False,-14.68,False,False,False,False,False
FIZZ,2026-08-07,0,22.4,3.07,weakening,accumulating,0.964,32.13,32.8381,34.3784,35.1155,0.6838,-0.134,-0.2095,-0.5306,46.75,-31.27,,False,False,True,2,30.7,False,-7.91,False,False,False,True,True
FLEX,2026-08-07,60,100,7.4,weakening,stabilizing,0.73,121.35,126.5919,106.7635,98.9299,0.7273,-0.1948,0.777,1.2181,162.07,-25.12,,True,False,True,22,59.91,False,-23.35,False,False,False,False,False
FLR,2026-08-07,100,65.6,5.38,early_breakout,accumulating,0.954,57.0,50.3156,48.7148,48.4345,0.9887,0.2678,0.0952,0.0686,54.42,4.74,0.2,True,False,True,21,43.02,False,0.19,False,False,False,True,True
FLS,2026-08-07,80,56.6,3.85,base,accumulating,0.972,79.95,73.9967,73.3527,72.0319,0.8652,0.0757,-0.1841,0.3039,92.04,-13.14,,True,False,True,12,65.07,False,4.11,False,False,False,True,True
FLUT,2026-08-07,0,3.2,5.97,weakening,falling,1.157,94.74,104.205,129.0434,144.5935,0.302,-0.1121,-0.4985,-0.9135,308.6,-69.3,,False,True,True,12,92.38,False,-15.14,False,False,False,False,False
FMS,2026-08-07,60,42.7,2.81,base,falling,1.013,24.27,23.7865,23.4977,23.7044,0.8781,0.0534,-0.1118,-0.2041,27.41,-11.46,,False,True,False,10,21.57,False,-1.64,False,False,False,False,False
FMX,2026-08-07,60,53.1,3.28,weakening,falling,0.971,122.46,125.4619,117.7667,114.9543,0.8656,-0.0379,-0.0101,0.1649,131.2,-6.66,3.8,False,False,False,20,101.39,False,-11.05,False,False,False,False,False
FN,2026-08-07,40,57.8,7.55,base,accumulating,0.82,562.38,532.519,538.5784,520.7876,0.751,-0.1431,-0.0038,0.4552,746.47,-24.66,,False,False,True,1,435.41,False,1.09,False,False,False,True,True
FND,2026-08-07,20,37.0,4.89,base,accumulating,0.962,62.69,55.5453,57.4833,59.3132,0.6784,0.1636,-0.2161,-0.4362,90.42,-30.67,,True,False,True,12,43.49,False,-0.91,False,False,False,True,True
FNV,2026-08-07,60,51.5,3.69,base,accumulating,0.92,238.65,218.0698,222.5044,219.7742,0.8354,-0.0201,-0.0914,0.1688,280.82,-15.02,,False,False,True,3,200.77,False,4.85,False,False,False,True,True
FORM,2026-08-07,60,100,8.61,weakening,accumulating,0.8,117.39,117.5522,106.8221,98.7877,0.7325,-0.2544,0.1805,2.9725,159.93,-26.6,,True,False,True,27,70.49,False,-16.28,False,False,False,True,True
FOUR,2026-08-07,0,12.3,10.34,weakening,falling,0.911,41.26,48.0184,51.6811,54.8387,0.4447,-0.0793,-0.4236,-0.7278,91.53,-54.92,,False,True,False,9,38.08,False,-19.48,False,False,False,False,False
FOX,2026-08-07,20,42.3,2.98,base,accumulating,0.715,57.03,52.3008,54.2117,54.3353,0.8365,-0.0407,-0.1423,-0.0606,67.76,-15.84,,False,False,True,6,45.91,False,18.15,True,False,False,True,True
FOXA,2026-08-07,20,43.8,3.2,base,accumulating,0.75,64.03,58.2998,60.2581,60.3111,0.8382,-0.031,-0.1312,-0.0344,76.11,-15.87,,False,False,True,6,50.1,False,21.73,True,False,False,True,True
FROG,2026-08-07,100,100,7.06,base,accumulating,0.826,89.52,80.8963,67.9913,64.1027,0.9022,0.2206,0.7457,1.0848,98.1,-8.75,,False,False,False,24,37.75,False,-3.86,False,False,False,True,True
FRPT,2026-08-07,40,48.3,5.79,base,accumulating,0.898,66.91,58.4773,60.2386,61.3115,0.778,0.2122,-0.1624,-0.1772,85.5,-21.74,,False,False,False,12,49.35,False,10.43,True,False,False,True,True
FSLR,2026-08-07,80,58.0,6.49,base,accumulating,1.011,250.05,229.8072,227.5443,223.3411,0.7791,0.0885,0.0235,0.1242,318.25,-21.43,,True,False,True,22,189.21,False,-1.48,False,False,False,True,True
FSLY,2026-08-07,80,100,8.5,base,accumulating,0.978,22.96,20.6591,18.7513,17.5221,0.6594,0.0711,1.5595,1.8547,33.5,-31.46,,False,False,False,26,8.57,False,28.12,False,False,False,True,True
FSS,2026-08-07,100,44.6,3.68,base,accumulating,0.905,128.21,119.8853,115.9672,114.2915,0.9532,0.0352,-0.0211,-0.2067,133.86,-4.22,,False,False,False,21,105.42,False,-3.81,False,False,False,True,True
FTAI,2026-08-07,20,40.6,6.93,weakening,stabilizing,1.364,216.24,229.457,230.4219,222.6003,0.6684,-0.2483,-0.3264,0.3431,310.04,-30.25,,False,False,True,1,206.0,False,-22.93,False,False,False,False,True
FTDR,2026-08-07,100,90.6,4.62,watch,accumulating,0.878,90.83,73.0962,66.4901,64.7455,0.9722,0.3617,0.471,0.401,79.07,14.87,0.4,False,False,False,19,53.64,False,18.36,False,False,False,True,True
FTNT,2026-08-07,100,100,4.6,base,accumulating,0.916,159.64,148.6052,121.3541,114.7418,0.9277,0.3556,0.8156,0.9083,163.73,-2.5,3.8,False,False,False,29,75.38,False,2.29,False,False,False,True,True
FTV,2026-08-07,100,49.2,2.81,base,accumulating,0.987,61.71,60.7727,59.1344,58.9685,0.9559,-0.0227,-0.0869,0.0888,63.6,-2.97,1.8,False,False,False,27,52.81,False,-2.81,False,False,False,True,True
FUL,2026-08-07,20,38.6,2.88,base,accumulating,0.85,61.07,58.5917,59.7291,60.0152,0.8898,-0.0468,-0.1889,-0.1283,67.49,-9.51,,True,False,True,20,49.29,False,-6.63,False,False,False,True,True
FWONK,2026-08-07,100,50.0,2.9,base,accumulating,1.018,102.85,95.7137,92.9485,92.7699,0.9404,0.0451,0.0931,-0.1525,108.33,-5.06,,False,False,False,20,81.42,False,8.4,True,False,False,True,True
G,2026-08-07,20,30.7,4.47,base,accumulating,0.797,34.29,32.3845,35.2273,36.4642,0.705,0.0093,-0.2644,-0.3898,48.5,-29.3,,False,False,False,7,28.25,False,17.0,True,False,False,True,True
GAP,2026-08-07,0,25.2,2.79,weakening,accumulating,0.78,20.47,20.6897,22.5185,22.8295,0.6972,-0.168,-0.4106,-0.1933,29.13,-29.73,,False,False,True,2,19.01,False,-1.9,False,False,False,True,True
GD,2026-08-07,100,54.0,2.15,early_breakout,accumulating,0.997,392.05,368.2724,353.1196,347.7338,0.9801,0.0875,-0.0245,0.0419,376.88,4.03,2.4,True,False,True,15,313.21,False,9.89,True,False,False,True,True
GDDY,2026-08-07,20,24.8,6.36,base,falling,0.811,91.07,89.2408,95.9011,102.0337,0.5842,-0.0433,-0.1766,-0.6056,150.25,-39.39,,False,False,False,8,76.24,False,4.53,True,False,False,False,False
GDS,2026-08-07,20,13.8,4.66,weakening,stabilizing,0.664,31.98,33.4214,36.1984,36.0953,0.6579,-0.3212,-0.4253,-0.3537,47.52,-32.7,,False,False,True,6,29.25,False,6.15,True,False,True,False,True
GE,2026-08-07,100,63.7,2.85,base,accumulating,0.852,370.08,349.6623,324.7205,315.4825,0.9518,0.2016,0.0396,0.1488,378.68,-2.27,0.6,False,False,False,18,281.16,False,-2.89,False,False,False,True,True
GEHC,2026-08-07,20,40.7,3.28,base,accumulating,1.164,71.77,65.8804,69.1078,70.4639,0.7995,0.0869,-0.2234,-0.2023,88.16,-18.59,,False,False,False,2,60.58,False,5.95,True,False,False,True,True
GEN,2026-08-07,80,57.0,3.59,base,accumulating,0.709,29.17,25.8633,24.709,24.8477,0.9055,0.2423,0.0896,-0.1799,32.16,-9.3,,True,False,True,17,17.89,False,16.12,True,False,False,True,True
GEO,2026-08-07,100,95.6,4.27,early_breakout,accumulating,0.796,30.69,28.5519,23.8359,22.9562,0.9516,0.3665,0.8169,0.2157,30.47,0.72,3.0,True,False,True,24,13.26,False,-2.1,False,False,False,True,True
GEV,2026-08-07,60,60.7,5.59,weakening,falling,0.984,990.32,1019.176,926.4179,874.6372,0.8281,-0.0918,0.1574,0.3216,1174.86,-15.71,,False,False,False,28,657.78,False,-8.43,False,False,False,False,False
GFI,2026-08-07,40,37.1,4.71,base,accumulating,0.981,40.82,35.8328,39.4465,39.1942,0.6622,-0.1339,-0.3505,0.0996,61.51,-33.64,,False,False,True,3,31.99,False,18.56,True,False,False,True,True
GFL,2026-08-07,40,37.0,3.17,base,accumulating,0.845,41.32,39.1285,40.1965,40.9241,0.8022,0.0808,-0.1416,-0.4001,51.03,-19.03,,False,False,False,10,33.54,False,7.53,True,False,False,True,True
GFS,2026-08-07,40,55.4,6.99,weakening,stabilizing,0.967,53.93,62.5205,58.4483,55.6068,0.5827,-0.3163,0.1435,0.459,89.96,-40.05,,True,False,True,29,41.24,False,-35.59,False,False,False,False,False
GGG,2026-08-07,40,38.4,2.03,base,accumulating,1.032,83.54,77.9928,80.4713,81.3963,0.873,0.0328,-0.2127,-0.2161,94.82,-11.9,,False,False,False,4,74.0,False,6.13,True,False,False,True,True
GH,2026-08-07,100,100,5.3,base,accumulating,0.756,168.48,144.2311,118.9872,111.205,0.9541,0.7166,0.5409,2.1318,170.77,-1.34,,False,False,False,17,78.6,False,9.72,False,False,False,True,True
GIB,2026-08-07,20,33.0,3.35,base,accumulating,1.048,74.74,68.9535,73.2879,75.9643,0.7662,0.0519,-0.2099,-0.4262,97.18,-23.09,,False,False,False,7,61.28,False,12.76,True,False,False,True,True
GIL,2026-08-07,20,34.5,3.59,base,accumulating,0.968,57.5,54.702,57.0621,57.2501,0.7802,-0.0736,-0.3061,-0.1125,72.58,-20.78,,False,False,True,2,49.95,False,5.67,True,False,False,True,True
GILD,2026-08-07,80,41.5,3.31,base,accumulating,0.886,133.21,131.2754,131.1145,129.8281,0.8469,-0.0295,-0.2398,-0.0038,155.8,-14.5,,False,False,False,7,123.76,False,0.98,True,False,False,True,True
GIS,2026-08-10,20,28.3,2.87,base,accumulating,0.899,37.26,36.1303,38.4593,39.8464,0.7259,0.0585,-0.3387,-0.464,51.11,-27.1,,False,False,False,13,32.99,False,-0.77,False,False,False,True,True
GKOS,2026-08-10,100,100,4.01,watch,accumulating,0.851,181.42,150.1056,130.6554,125.5797,0.986,0.2963,0.4883,0.9315,155.07,16.99,3.8,False,False,False,22,97.02,False,24.4,False,False,False,True,True
GLBE,2026-08-10,100,66.7,3.5,base,accumulating,0.928,41.15,36.74,34.9327,34.7757,0.968,0.3319,0.1405,-0.0258,41.59,-1.06,0.4,True,False,True,13,27.89,False,12.05,True,False,False,True,True
GLW,2026-08-10,60,76.9,8.12,weakening,stabilizing,0.977,157.76,168.6923,153.5872,143.1977,0.5805,-0.2832,0.0874,1.1869,255.69,-38.3,,True,False,True,29,93.3,False,-41.49,False,False,False,False,True
GM,2026-08-10,100,67.2,2.94,early_breakout,accumulating,0.919,87.96,82.0795,78.134,76.1793,0.9576,0.1244,-0.0231,0.4315,86.38,1.83,2.2,False,False,False,22,72.39,False,10.55,True,False,False,True,True
GMAB,2026-08-10,80,58.9,2.99,base,accumulating,0.981,30.87,28.1839,27.905,27.7338,0.8713,0.1353,-0.1133,0.2288,35.34,-12.65,,False,False,False,9,25.08,False,15.45,True,False,False,True,True
GMED,2026-08-10,60,57.0,3.9,base,accumulating,0.922,86.15,80.5369,81.4225,80.1396,0.8496,0.0796,-0.1298,0.2572,96.82,-11.02,,False,False,True,3,76.49,False,-0.55,False,False,False,True,True
GNRC,2026-08-10,40,33.6,5.54,weakening,stabilizing,1.195,206.09,229.4234,221.4775,214.0567,0.6952,-0.2845,-0.0043,-0.1616,295.54,-30.27,,True,False,True,28,168.04,False,-30.57,False,False,False,False,False
GNTX,2026-08-10,20,36.6,2.8,weakening,falling,0.998,23.85,24.0127,23.8694,23.9924,0.8118,-0.0158,-0.1087,-0.3158,29.06,-17.93,,False,False,False,21,20.7,False,-8.28,False,False,False,False,False
GOOG,2026-08-10,80,61.0,3.28,base,accumulating,0.951,355.84,352.484,334.3612,321.8335,0.8798,-0.1238,-0.0164,0.5491,399.04,-10.83,,False,False,False,20,273.76,False,-1.89,False,False,False,True,True
GOOGL,2026-08-10,80,61.6,3.41,base,accumulating,0.985,357.52,354.0456,335.6731,322.8667,0.875,-0.1239,-0.011,0.5633,402.62,-11.2,,False,False,False,20,274.34,False,-2.09,False,False,False,True,True
GPC,2026-08-10,60,49.5,2.91,base,accumulating,0.901,134.54,120.2171,117.3824,118.4521,0.8876,0.2827,-0.192,-0.2008,149.26,-9.86,,False,False,False,13,92.87,False,11.63,True,False,False,True,True
GPCR,2026-08-10,80,100,4.8,base,accumulating,0.747,53.805,48.7569,48.466,47.4118,0.567,0.3602,-0.4317,2.0872,93.79,-42.63,,False,False,False,10,37.58,False,0.91,False,False,False,True,True
GPN,2026-08-10,80,56.5,3.68,base,accumulating,0.919,86.13,78.1678,75.4766,76.2949,0.948,0.2086,0.0869,-0.1484,90.01,-4.31,,False,False,False,19,64.05,False,17.92,True,False,False,True,True
GRAL,2026-08-10,80,78.1,7.64,base,falling,0.924,74.84,67.5039,66.0232,64.7745,0.6298,0.1778,-0.3679,1.0686,116.06,-35.52,,False,True,False,22,43.06,False,6.25,True,False,False,True,True
GRMN,2026-08-10,100,76.2,3.24,watch,accumulating,1.225,313.16,260.0158,243.0225,238.4389,0.9964,0.2482,0.4066,0.1359,267.52,17.06,1.8,False,False,False,28,201.64,False,30.78,False,False,False,True,True
GSAT,2026-08-10,100,100,1.28,base,accumulating,0.849,83.815,80.5172,72.5445,68.0846,0.9878,-0.0248,0.3102,1.7323,84.43,-0.73,,True,False,True,23,56.44,False,0.12,False,False,False,True,True
GTES,2026-08-10,100,49.8,3.92,base,accumulating,1.049,28.4,26.9502,25.6274,25.1559,0.9361,0.0493,-0.0619,-0.0099,29.02,-2.14,1.2,False,False,False,21,21.74,False,-2.3,False,False,False,True,True
GTLB,2026-08-10,60,69.9,5.47,base,accumulating,0.758,40.73,31.913,31.2993,32.6787,0.7776,0.5447,0.1414,-0.2041,51.04,-20.2,,False,False,False,18,19.42,False,33.26,True,False,False,True,True
GTX,2026-08-10,60,92.2,4.46,weakening,stabilizing,0.807,29.01,30.8505,26.0657,24.1525,0.8003,-0.0483,0.3921,1.0797,36.23,-19.93,,True,False,True,21,16.96,False,-20.49,False,False,False,False,False
GVA,2026-08-10,40,38.4,4.26,weakening,stabilizing,1.123,125.97,130.3986,127.55,124.2136,0.7772,-0.1518,-0.1597,-0.0236,160.39,-21.46,,True,False,True,21,116.19,False,-23.94,False,False,False,True,False
GWRE,2026-08-10,40,55.6,5.07,base,accumulating,0.764,172.94,144.0701,151.6517,157.8723,0.6344,0.2437,0.2614,-0.4008,261.88,-33.96,,False,False,False,8,107.86,False,39.89,True,False,False,True,True
GXO,2026-08-11,0,27.6,4.69,weakening,falling,1.177,46.67,50.7511,52.0003,52.0006,0.6981,-0.1168,-0.3087,-0.2811,65.59,-28.85,,False,True,False,0,46.67,False,-11.13,False,False,False,False,False
H,2026-08-10,60,49.2,3.78,weakening,falling,1.008,170.08,183.1506,172.9082,168.9478,0.8222,-0.014,-0.0479,0.0402,202.09,-15.84,,False,False,False,22,139.3,False,-16.75,False,False,False,False,False
HAE,2026-08-10,100,98.0,3.57,base,accumulating,0.856,86.61,76.9358,70.1668,69.2419,0.9777,0.6141,0.388,0.3925,87.16,-0.63,0.4,True,False,True,20,54.04,False,12.11,True,False,False,True,True
HALO,2026-08-10,100,87.5,4.1,extended,accumulating,1.095,102.62,78.7936,72.6344,71.1408,0.9795,0.5014,0.1618,0.4198,81.57,25.81,2.4,False,False,False,20,61.63,False,29.78,True,False,False,True,True
HAS,2026-08-11,100,45.1,2.75,base,accumulating,1.115,97.04,88.2533,87.7976,86.9953,0.9071,-0.017,-0.1803,0.0393,105.94,-8.4,,False,False,False,5,78.96,False,14.31,True,False,False,True,True
HBM,2026-08-11,80,98.9,4.58,base,accumulating,0.932,27.67,24.1969,22.9571,21.9484,0.8607,-0.0236,-0.0235,1.6857,31.87,-13.18,,True,False,True,21,18.08,False,14.01,False,False,False,True,True
HCA,2026-08-11,20,33.6,2.99,base,accumulating,0.912,411.44,401.5129,426.3422,429.4499,0.7393,-0.0863,-0.2938,-0.1372,545.13,-24.52,,False,False,False,4,371.18,False,2.34,True,False,False,True,True
HCC,2026-08-11,80,63.9,3.95,base,accumulating,0.877,97.79,85.617,84.8513,82.7385,0.8859,0.0639,-0.0305,0.4097,110.28,-11.33,,True,False,True,23,77.36,False,17.3,True,False,False,True,True
HD,2026-08-11,20,38.9,2.37,base,accumulating,0.815,354.48,338.2145,342.7712,346.7557,0.8307,0.0979,-0.2037,-0.297,423.42,-16.28,,False,False,False,13,297.51,False,-2.68,False,False,False,True,True
HGV,2026-08-11,40,33.9,4.76,weakening,falling,0.976,43.02,48.5614,47.4815,47.1697,0.7765,-0.0908,-0.1927,-0.223,54.69,-21.34,,False,True,False,20,37.88,False,-21.04,False,False,False,False,False
HII,2026-08-11,20,39.3,3.5,base,accumulating,1.145,327.85,306.0654,326.3981,326.4563,0.7127,-0.061,-0.2924,0.0178,453.73,-27.74,,False,False,False,4,269.13,False,13.95,True,False,False,True,True
HIMS,2026-08-11,20,58.7,7.87,weakening,falling,0.903,30.51,30.7038,30.6355,32.0771,0.4672,0.1751,0.6564,-0.6013,62.76,-51.39,,False,False,False,24,14.52,False,-15.18,False,False,False,False,False
HLT,2026-08-11,60,44.0,2.39,weakening,falling,1.031,314.66,325.521,316.6174,311.5777,0.8789,-0.0404,-0.1413,-0.0064,350.22,-10.15,,False,True,True,22,291.55,False,-7.97,False,False,False,False,False
HMC,2026-08-11,80,50.6,2.08,base,accumulating,0.691,31.7,28.5152,28.0111,28.2969,0.9086,0.2709,-0.0976,-0.2423,34.85,-9.04,,True,False,True,18,24.04,False,13.75,True,False,True,True,True
HNGE,2026-08-11,100,100,5.89,base,accumulating,0.941,89.01,75.7254,61.7936,58.8199,0.9558,0.5681,1.5799,0.3857,90.0,-1.1,0.4,False,False,False,27,31.17,False,4.06,False,False,False,True,True
HNI,2026-08-11,80,64.1,3.76,base,accumulating,0.917,49.52,41.2441,40.0412,40.7715,0.9381,0.5207,-0.1585,-0.0649,52.55,-5.77,,False,False,False,13,29.9,False,19.36,True,False,False,True,True
HOG,2026-08-11,80,52.1,3.68,base,accumulating,1.014,26.72,25.3267,24.0434,23.9185,0.855,0.011,0.1627,-0.1058,31.03,-13.89,,False,False,False,21,17.58,False,6.05,True,False,False,True,True
HON,2026-08-11,60,38.0,3.58,weakening,stabilizing,0.938,230.12,236.5455,233.0986,231.8554,0.7735,-0.0393,-0.2112,-0.1352,269.95,-14.75,,False,False,True,7,221.01,False,0.9,True,False,False,False,True
A,2026-08-12,100,63.8,2.33,base,accumulating,0.841,148.24,135.0443,129.5531,128.7532,0.9249,0.2742,0.0337,0.0616,157.2,-5.7,,True,False,True,20,110.24,False,7.55,True,False,False,True,True
AA,2026-08-12,20,42.1,4.53,weakening,accumulating,0.997,51.22,52.5054,55.4243,53.8728,0.607,-0.2923,-0.3053,0.4303,83.79,-38.87,,False,False,True,4,43.98,False,4.29,False,False,False,True,True
AAOI,2026-08-12,80,100,11.52,base,accumulating,0.969,138.08,128.3339,114.8273,104.1277,0.5909,-0.4217,1.7365,4.8568,223.1,-38.11,,True,False,True,29,35.72,False,-4.25,False,False,False,True,True
HPE,2026-08-11,80,100,5.62,base,accumulating,0.621,54.38,46.107,36.6647,34.0193,0.8464,0.7594,1.1523,1.4391,56.15,-3.15,,True,False,True,29,21.05,False,16.97,False,False,True,True,True
HPQ,2026-08-11,80,72.2,4.6,base,accumulating,0.803,29.07,25.3817,23.6023,23.686,0.9417,0.3384,0.3511,-0.0624,29.35,-0.95,0.6,False,False,False,18,18.26,False,28.91,True,False,False,True,True
HQY,2026-08-11,100,66.0,2.8,early_breakout,accumulating,0.755,105.57,95.6186,90.5026,90.3696,0.981,0.2714,0.231,-0.0602,105.44,0.12,0.4,False,False,False,26,73.88,False,13.3,True,False,False,True,True
HRB,2026-08-11,60,58.4,3.66,base,accumulating,0.953,46.67,40.9336,39.289,40.1614,0.8341,0.232,0.3139,-0.3448,54.45,-14.29,,False,False,False,18,29.8,False,18.97,True,False,False,True,True
HRI,2026-08-11,100,62.5,4.93,base,accumulating,0.983,171.03,150.0233,140.7854,140.1986,0.908,0.1879,-0.1721,0.3376,181.12,-5.57,,True,False,True,19,91.04,False,15.73,False,False,False,True,True
HRL,2026-08-11,40,42.5,2.19,weakening,stabilizing,0.685,24.3,24.5344,23.9753,24.2235,0.8281,0.1635,-0.1164,-0.3517,29.25,-16.92,,True,False,True,13,19.74,False,-5.68,False,False,True,False,False
HRMY,2026-08-11,100,56.6,3.74,base,accumulating,1.113,39.52,35.4035,33.6779,33.5209,0.967,0.2701,-0.0745,-0.0663,40.51,-2.44,,False,False,False,20,26.54,False,4.96,True,False,False,True,True
HSIC,2026-08-11,100,63.8,2.46,early_breakout,accumulating,1.006,89.18,83.9514,79.1762,77.8688,0.9675,0.2453,-0.0157,0.1472,86.91,2.61,4.0,False,False,False,14,70.82,False,3.19,False,False,False,True,True
HSY,2026-08-11,20,31.7,2.12,base,accumulating,0.818,181.98,180.303,187.103,187.3191,0.7599,-0.0924,-0.3217,-0.1646,236.28,-22.98,,False,False,True,4,171.42,False,0.14,True,False,False,True,True
HTHT,2026-08-11,20,36.0,2.66,weakening,stabilizing,0.754,41.6,43.1458,45.0764,44.737,0.7345,-0.1836,-0.3153,0.0944,56.06,-25.79,,False,False,True,3,40.47,False,-3.87,False,False,False,False,True
HUBB,2026-08-11,100,49.9,3.24,base,accumulating,0.983,519.62,493.5187,486.6695,480.0591,0.9189,0.0286,-0.0835,0.0425,557.85,-6.85,,True,False,True,22,467.38,False,-4.27,False,False,False,True,True
HUBG,2026-08-11,60,39.8,7.61,weakening,falling,1.155,38.0,45.746,43.1437,42.422,0.7135,-0.003,-0.2408,-0.0954,52.53,-27.66,,False,True,False,22,34.3,False,-16.81,False,False,False,False,False
HUBS,2026-08-11,20,32.2,9.19,base,falling,1.103,220.51,215.6815,255.8353,285.5954,0.4196,0.1873,-0.1657,-0.6779,522.97,-57.84,,False,True,False,8,176.03,False,17.24,True,False,False,False,False
HUM,2026-08-11,80,92.9,4.24,base,falling,1.067,372.82,362.9353,305.6806,293.3711,0.8693,0.2216,0.94,0.1961,409.42,-8.94,,False,True,False,22,165.43,False,-9.73,False,False,False,False,False
HWM,2026-08-11,100,65.1,3.29,base,stabilizing,0.791,281.34,274.3096,251.917,241.737,0.9075,0.0023,0.137,0.3621,283.23,-0.67,2.8,True,False,True,28,208.08,False,1.06,False,False,False,False,True
HXL,2026-08-11,80,67.1,3.54,base,falling,1.105,100.51,100.1057,90.785,87.1006,0.8995,0.0465,0.0405,0.4685,101.88,-1.34,4.0,False,False,False,21,78.81,False,-3.13,False,False,False,False,False
HYMC,2026-08-12,40,100,6.97,base,accumulating,0.808,27.45,24.7914,26.9592,25.6465,0.4674,-0.4115,-0.3524,6.6409,55.74,-50.75,,False,False,True,4,19.05,False,15.4,False,False,False,True,True
IBM,2026-08-11,0,37.1,3.36,weakening,accumulating,0.951,238.42,244.3661,255.9787,259.0536,0.7171,0.0469,-0.2992,-0.193,329.23,-27.58,,False,False,True,4,212.67,False,-18.8,False,False,False,True,True
ICHR,2026-08-11,60,100,11.07,weakening,falling,0.877,67.51,78.9035,64.0851,57.7364,0.5944,-0.1194,0.3749,3.0016,112.28,-39.87,,False,False,False,28,30.34,False,-43.46,False,False,False,False,False
ICLR,2026-08-11,80,58.6,4.46,base,falling,0.865,165.58,157.7995,147.2438,146.8137,0.812,0.3172,0.0291,-0.1652,202.92,-18.4,,False,False,False,26,93.0,False,-8.26,False,False,False,True,False
IDXX,2026-08-11,20,37.0,3.48,base,accumulating,0.967,586.64,565.8119,583.5151,587.9381,0.7619,0.0581,-0.209,-0.3024,766.68,-23.48,,False,False,False,13,528.79,False,7.85,True,False,False,True,True
IDYA,2026-08-12,100,71.7,3.33,base,accumulating,0.676,36.96,34.9353,32.779,31.9631,0.9108,0.2382,0.0422,0.3648,40.51,-8.76,,True,False,True,15,28.19,False,-1.4,False,False,True,True,True
IEX,2026-08-11,100,61.6,2.32,early_breakout,accumulating,1.067,237.31,224.1438,209.7686,204.8795,0.9734,0.069,-0.0105,0.3045,228.07,4.05,3.8,False,False,False,21,184.11,False,0.98,False,False,False,True,True
IFF,2026-08-11,100,55.6,3.21,early_breakout,accumulating,0.888,85.0,78.6575,75.2431,74.4411,0.9517,0.0426,-0.009,0.1375,83.83,1.4,1.0,False,False,False,21,66.62,False,3.71,False,False,False,True,True
ILMN,2026-08-11,100,100,4.2,base,falling,1.012,192.84,181.3567,154.9987,146.8506,0.9316,0.2829,0.4998,0.8326,194.33,-0.77,2.8,False,False,False,26,116.81,False,6.09,False,False,False,False,False
IMAX,2026-08-11,100,99.8,4.14,watch,accumulating,1.332,50.59,43.2742,39.3606,38.1513,0.9614,0.4499,0.27,0.7913,44.97,12.5,2.4,False,False,False,13,33.59,False,23.33,False,False,False,True,True
IMNM,2026-08-11,100,98.2,4.74,base,accumulating,0.712,26.25,22.7199,21.1641,20.2589,0.9494,0.1162,-0.0634,1.5154,26.97,-2.67,,False,False,False,9,18.38,False,20.29,False,False,False,True,True
IMVT,2026-08-12,100,100,3.63,early_breakout,accumulating,0.587,42.6,37.4593,31.6676,29.7439,0.9995,0.4158,0.5259,1.5988,41.09,3.67,0.2,True,False,True,21,22.98,False,8.11,False,False,True,True,True
INCY,2026-08-11,100,69.8,3.18,early_breakout,accumulating,1.031,121.07,113.617,104.203,101.042,0.913,0.1807,0.0937,0.3269,118.52,2.15,2.4,True,False,True,20,90.3,False,3.22,True,False,False,True,True
INDV,2026-08-11,60,65.2,4.09,weakening,falling,1.186,38.43,38.8968,35.6336,33.9146,0.8977,-0.0367,0.0322,0.5221,41.83,-8.13,,False,False,False,20,28.97,False,-9.92,False,False,False,False,False
INGM,2026-08-11,60,63.2,4.19,weakening,falling,0.765,27.63,28.3868,26.3133,25.4662,0.8719,0.0095,0.1587,0.2677,31.64,-12.67,,False,False,False,24,20.69,False,-2.86,False,False,False,False,False
INGR,2026-08-11,20,29.4,2.15,base,accumulating,0.798,104.67,101.9124,107.112,109.6821,0.8022,-0.0602,-0.2347,-0.3716,129.54,-19.2,,False,False,True,7,97.5,False,6.93,True,False,False,True,True
INOD,2026-08-12,60,49.7,8.99,weakening,stabilizing,0.963,61.47,69.1938,66.0157,64.148,0.4912,-0.3573,0.2373,0.2292,121.5,-49.41,,True,False,True,18,35.58,False,-18.48,False,False,False,False,False
INSM,2026-08-12,20,42.9,5.25,base,accumulating,0.867,132.28,112.8305,125.8186,128.7338,0.6218,0.0805,-0.2252,-0.1177,211.41,-37.43,,True,False,True,10,94.22,False,20.04,True,False,False,True,True
INTA,2026-08-12,60,93.9,5.22,base,accumulating,0.87,39.53,29.4978,29.095,30.35,0.8247,0.7988,0.5286,-0.1313,47.67,-17.08,,False,False,False,18,20.37,False,46.43,True,False,False,True,True
INTC,2026-08-12,60,100,6.49,weakening,accumulating,0.982,100.95,102.5304,85.0467,77.1418,0.7092,-0.2014,0.9741,3.4266,140.94,-28.37,,True,False,True,20,43.13,False,-24.11,False,False,False,True,True
INTU,2026-08-12,20,14.0,3.85,base,accumulating,0.671,334.71,313.1805,392.1042,430.9046,0.4639,-0.1402,-0.279,-0.7328,717.21,-53.33,,False,False,False,8,267.0,False,21.74,True,False,True,True,True
IONQ,2026-08-12,20,43.4,6.35,base,accumulating,0.865,45.2,43.7448,45.5201,45.6607,0.534,-0.2227,0.2285,-0.1508,82.09,-44.94,,True,False,True,20,27.51,False,-15.65,False,False,False,True,True
IONS,2026-08-12,20,29.0,3.63,weakening,stabilizing,1.043,56.53,63.2845,69.0119,68.5048,0.6517,-0.3122,-0.4462,0.1632,86.5,-34.65,,False,False,True,2,51.77,False,-32.2,False,False,False,False,False
